pci,distance_ft,dl_cqi,dl_ri,dl_mcs,dl_brate,dl_ok,dl_nok,dl_percent,dl_bs,ul_pusch,ul_rsrp,ul_ri,ul_mcs,ul_brate,ul_ok,ul_nok,ul_percent,ul_bsr,ul_ta,ul_phr
1,1,15,1.0,0,0,0,0,0,0,3.4,ovl,1,1,1700.0,1,0,0,0,225,4
1,10,13,1.0,11,5900.0,8,1,11,0,29.6,-3.1,1,24,23000.0,5,0,0,0,215,2
1,1,15,1.0,0,0,0,0,0,0,n/a,n/a,1,0,0,0,0,0,0,213,4
1,10,12,1.0,0,0,0,0,0,0,32.9,-2.2,1,27,4900.0,1,0,0,0,265,2
1,1,15,1.0,0,0,0,0,0,0,n/a,n/a,1,0,0,0,0,0,0,221,4
1,10,13,1.0,0,0,0,0,0,0,n/a,n/a,1,0,0,0,0,0,0,273,2
1,1,15,1.0,0,0,0,0,0,0,3.7,ovl,1,1,2900.0,2,0,0,0,229,3
1,10,13,1.0,0,0,0,0,0,0,n/a,n/a,1,0,0,0,0,0,0,266,2
1,1,15,1.0,0,0,0,0,0,0,n/a,n/a,1,0,0,0,0,0,0,203,3
1,10,14,1.0,0,0,0,0,0,0,n/a,n/a,1,0,0,0,0,0,0,262,2
1,1,15,1.0,0,0,0,0,0,0,n/a,n/a,1,0,0,0,0,0,0,212,3
1,10,13,1.0,0,0,0,0,0,0,n/a,n/a,1,0,0,0,0,0,0,248,2
1,1,15,1.0,0,0,0,0,0,0,n/a,n/a,1,0,0,0,0,0,0,220,3
1,10,13,1.0,0,0,0,0,0,0,n/a,n/a,1,0,0,0,0,0,0,253,2
1,1,15,1.0,0,0,0,0,0,0,3.6,ovl,1,0,2300.0,2,0,0,0,215,4
1,10,12,1.0,0,0,0,0,0,0,33.2,-1.3,1,27,9700.0,2,0,0,0,260,1
1,1,15,1.0,0,0,0,0,0,0,n/a,n/a,1,0,0,0,0,0,0,234,4
1,10,12,1.0,0,0,0,0,0,0,n/a,n/a,1,0,0,0,0,0,0,272,1
1,1,15,1.0,0,0,0,0,0,0,n/a,n/a,1,0,0,0,0,0,0,221,4
1,10,12,1.0,0,0,0,0,0,0,n/a,n/a,1,0,0,0,0,0,0,260,1
1,1,15,1.0,0,0,0,0,0,0,3.9,ovl,1,1,1700.0,1,0,0,0,199,4
1,10,11,1.0,0,0,0,0,0,0,n/a,n/a,1,0,0,0,0,0,0,249,1
1,1,15,1.0,0,0,0,0,0,0,n/a,n/a,1,0,0,0,0,0,0,224,4
1,10,12,1.0,20,2700.0,4,1,20,0,30.5,-15.7,1,27,4900.0,1,0,0,0,297,9
1,1,15,1.0,0,0,0,0,0,0,3.6,ovl,1,1,3500.0,2,0,0,0,229,4
1,10,12,1.0,20,1300.0,2,1,33,0,24.2,-24.4,1,27,9700.0,2,2,50,0,329,11
1,1,15,1.0,0,0,0,0,0,0,3.4,ovl,1,0,2300.0,2,0,0,0,222,4
1,10,13,1.0,22,2900.0,4,0,0,0,n/a,n/a,1,0,0,0,0,0,0,288,11
1,1,15,1.0,0,0,0,0,0,0,n/a,n/a,1,0,0,0,0,0,0,211,4
1,10,13,1.0,0,0,0,0,0,0,n/a,n/a,1,0,0,0,0,0,0,250,11
1,1,15,1.0,0,0,0,0,0,0,3.8,ovl,1,1,2900.0,2,0,0,0,200,4
1,10,13,1.0,0,0,0,0,0,0,n/a,n/a,1,0,0,0,0,0,0,229,11
1,1,15,1.0,0,0,0,0,0,0,n/a,n/a,1,0,0,0,0,0,0,199,4
1,10,11,1.0,0,0,0,0,0,0,n/a,n/a,1,0,0,0,0,0,0,213,11
1,1,15,1.0,0,0,0,0,0,0,3.8,ovl,1,1,1700.0,1,0,0,0,226,3
1,10,11,1.0,0,0,0,0,0,0,n/a,n/a,1,0,0,0,0,0,0,244,11
1,1,15,1.0,0,0,0,0,0,0,3.9,ovl,1,1,1700.0,1,0,0,0,222,5
1,10,11,1.0,0,0,0,0,0,0,31.1,ovl,1,27,4900.0,1,0,0,0,274,-8
1,1,15,1.0,0,0,0,0,0,0,n/a,n/a,1,0,0,0,0,0,0,212,5
1,10,11,1.0,0,0,0,0,0,0,32.3,ovl,1,27,4900.0,1,0,0,0,248,-4
1,1,15,1.0,0,0,0,0,0,0,4.3,ovl,1,1,5200.0,3,0,0,0,195,5
1,10,11,1.0,0,0,0,0,0,0,32.8,ovl,1,27,4900.0,1,0,0,0,274,-5
1,1,15,1.0,0,0,0,0,0,0,3.8,ovl,1,1,1700.0,1,0,0,0,259,5
1,10,11,1.0,0,0,0,0,0,0,32.4,ovl,1,27,4900.0,1,0,0,0,265,-1
1,1,15,1.0,0,0,0,0,0,0,n/a,n/a,1,0,0,0,0,0,0,219,5
1,10,12,1.0,0,0,0,0,0,0,n/a,n/a,1,0,0,0,0,0,0,274,-1
1,1,15,1.0,0,0,0,0,0,0,n/a,n/a,1,0,0,0,0,0,0,219,5
1,10,12,1.0,0,0,0,0,0,0,n/a,n/a,1,0,0,0,0,0,0,290,-1
1,1,15,1.0,0,0,0,0,0,0,n/a,n/a,1,0,0,0,0,0,0,228,5
1,10,12,1.0,0,0,0,0,0,0,n/a,n/a,1,0,0,0,0,0,0,278,-1
1,1,15,1.0,0,0,0,0,0,0,n/a,n/a,1,0,0,0,0,0,0,234,5
1,10,12,1.0,0,0,0,0,0,0,32.5,ovl,1,27,4900.0,1,0,0,0,265,1
1,1,15,1.0,0,0,0,0,0,0,n/a,n/a,1,0,0,0,0,0,0,208,5
1,10,13,1.0,0,0,0,0,0,0,34.2,-1.2,1,27,4900.0,1,0,0,0,249,3
1,1,15,1.0,0,0,0,0,0,0,n/a,n/a,1,0,0,0,0,0,0,215,5
1,10,12,1.0,0,0,0,0,0,0,n/a,n/a,1,0,0,0,0,0,0,265,3
1,1,15,1.0,0,0,0,0,0,0,n/a,n/a,1,0,0,0,0,0,0,223,5
1,10,12,1.0,0,0,0,0,0,0,n/a,n/a,1,0,0,0,0,0,0,279,3
1,1,15,1.0,0,0,0,0,0,0,n/a,n/a,1,0,0,0,0,0,0,220,5
1,10,12,1.0,0,0,0,0,0,0,33.4,-10.2,1,27,4900.0,1,0,0,0,282,6
1,1,15,1.0,0,0,0,0,0,0,4.2,ovl,1,1,1700.0,1,0,0,0,218,6
1,10,13,1.0,0,0,0,0,0,0,33.0,-8.1,1,27,4900.0,1,0,0,0,234,6
1,1,15,1.0,0,0,0,0,0,0,n/a,n/a,1,0,0,0,0,0,0,217,6
1,10,13,1.0,0,0,0,0,0,0,n/a,n/a,1,0,0,0,0,0,0,273,6
1,1,15,1.0,0,0,0,0,0,0,n/a,n/a,1,0,0,0,0,0,0,227,6
1,10,13,1.0,0,0,0,0,0,0,n/a,n/a,1,0,0,0,0,0,0,266,6
1,1,15,1.0,0,0,0,0,0,0,3.8,ovl,1,1,1700.0,1,0,0,0,232,5
1,10,12,1.0,0,0,0,0,0,0,n/a,n/a,1,0,0,0,0,0,0,261,6
1,1,15,1.0,0,0,0,0,0,0,n/a,n/a,1,0,0,0,0,0,0,208,5
1,10,12,1.0,0,0,0,0,0,0,n/a,n/a,1,0,0,0,0,0,0,282,6
1,1,15,1.0,0,0,0,0,0,0,n/a,n/a,1,0,0,0,0,0,0,219,5
1,10,12,1.0,0,0,0,0,0,0,34.1,-5.0,1,27,9700.0,2,0,0,0,250,3
1,1,15,1.0,0,0,0,0,0,0,n/a,n/a,1,0,0,0,0,0,0,226,5
1,10,12,1.0,0,0,0,0,0,0,n/a,n/a,1,0,0,0,0,0,0,260,3
1,1,15,1.0,0,0,0,0,0,0,n/a,n/a,1,0,0,0,0,0,0,231,5
1,10,12,1.0,0,0,0,0,0,0,35.1,-5.2,1,27,4900.0,1,0,0,0,225,5
1,1,15,1.0,0,0,0,0,0,0,n/a,n/a,1,0,0,0,0,0,0,219,5
1,10,12,1.0,0,0,0,0,0,0,n/a,n/a,1,0,0,0,0,0,0,294,5
1,1,15,1.0,0,0,0,0,0,0,n/a,n/a,1,0,0,0,0,0,0,217,5
1,10,12,1.0,0,0,0,0,0,0,n/a,n/a,1,0,0,0,0,0,0,311,5
1,1,15,1.0,0,0,0,0,0,0,3.9,ovl,1,1,1700.0,1,0,0,0,229,6
1,10,12,1.0,0,0,0,0,0,0,n/a,n/a,1,0,0,0,0,0,0,324,5
1,1,15,1.0,0,0,0,0,0,0,4.0,ovl,1,1,1700.0,1,0,0,0,219,5
1,10,12,1.0,0,0,0,0,0,0,33.3,-8.5,1,27,4900.0,1,0,0,0,360,6
1,1,15,1.0,0,0,0,0,0,0,n/a,n/a,1,0,0,0,0,0,0,214,5
1,10,12,1.0,0,0,0,0,0,0,n/a,n/a,1,0,0,0,0,0,0,297,6
1,1,15,1.0,0,0,0,0,0,0,n/a,n/a,1,0,0,0,0,0,0,219,5
1,10,12,1.0,0,0,0,0,0,0,n/a,n/a,1,0,0,0,0,0,0,248,6
1,1,15,1.0,0,0,0,0,0,0,n/a,n/a,1,0,0,0,0,0,0,204,5
1,10,12,1.0,0,0,0,0,0,0,n/a,n/a,1,0,0,0,0,0,0,284,6
1,1,15,1.0,0,0,0,0,0,0,n/a,n/a,1,0,0,0,0,0,0,210,5
1,10,12,1.0,20,1300.0,2,0,0,0,32.9,-11.6,1,27,4900.0,1,0,0,0,307,8
1,1,15,1.0,0,0,0,0,0,0,3.8,ovl,1,1,6300.0,4,0,0,0,249,5
1,10,12,1.0,0,0,0,0,0,0,n/a,n/a,1,0,0,0,0,0,0,287,8
1,1,15,1.0,0,0,0,0,0,0,n/a,n/a,1,0,0,0,0,0,0,215,5
1,10,12,1.0,0,0,0,0,0,0,31.6,-16.2,1,27,4900.0,1,0,0,0,268,10
1,1,15,1.0,0,0,0,0,0,0,n/a,n/a,1,0,0,0,0,0,0,201,5
1,10,12,1.0,0,0,0,0,0,0,n/a,n/a,1,0,0,0,0,0,0,253,10
1,1,15,1.0,0,0,0,0,0,0,3.9,ovl,1,1,1700.0,1,0,0,0,236,5
1,10,12,1.0,0,0,0,0,0,0,n/a,n/a,1,0,0,0,0,0,0,265,10
1,1,15,1.0,0,0,0,0,0,0,3.7,ovl,1,1,1700.0,1,0,0,0,234,6
1,10,11,1.0,0,0,0,0,0,0,n/a,n/a,1,0,0,0,0,0,0,247,10
1,1,15,1.0,0,0,0,0,0,0,3.7,ovl,1,1,1700.0,1,0,0,0,223,5
1,10,12,1.0,0,0,0,0,0,0,n/a,n/a,1,0,0,0,0,0,0,278,10
1,1,15,1.0,0,0,0,0,0,0,n/a,n/a,1,0,0,0,0,0,0,230,5
1,10,12,1.0,0,0,0,0,0,0,n/a,n/a,1,0,0,0,0,0,0,284,10
1,1,15,1.0,0,0,0,0,0,0,3.4,ovl,1,1,1700.0,1,0,0,0,223,5
1,10,12,1.0,0,0,0,0,0,0,n/a,n/a,1,0,0,0,0,0,0,295,10
1,1,15,1.0,0,0,0,0,0,0,3.7,ovl,1,0,1100.0,1,0,0,0,220,5
1,10,11,1.0,0,0,0,0,0,0,31.8,-12.8,1,27,4900.0,1,0,0,0,290,8
1,1,15,1.0,0,0,0,0,0,0,4.2,ovl,1,1,3500.0,2,0,0,0,230,5
1,10,12,1.0,0,0,0,0,0,0,n/a,n/a,1,0,0,0,0,0,0,264,8
1,1,15,1.0,0,0,0,0,0,0,n/a,n/a,1,0,0,0,0,0,0,212,5
1,10,12,1.0,0,0,0,0,0,0,n/a,n/a,1,0,0,0,0,0,0,252,8
1,1,15,1.0,0,0,0,0,0,0,n/a,n/a,1,0,0,0,0,0,0,203,5
1,10,11,1.0,18,1200.0,2,1,33,0,n/a,n/a,1,0,0,0,0,0,0,215,8
1,1,15,1.0,0,0,0,0,0,0,4.0,ovl,1,1,1700.0,1,0,0,0,236,6
1,10,12,1.0,0,0,0,0,0,0,n/a,n/a,1,0,0,0,0,0,0,222,8
1,1,15,1.0,0,0,0,0,0,0,n/a,n/a,1,0,0,0,0,0,0,217,6
1,10,12,1.0,0,0,0,0,0,0,32.6,-11.6,1,27,9700.0,2,0,0,0,241,9
1,1,15,1.0,0,0,0,0,0,0,n/a,n/a,1,0,0,0,0,0,0,224,6
1,10,12,1.0,0,0,0,0,0,0,n/a,n/a,1,0,0,0,0,0,0,248,9
1,1,15,1.0,0,0,0,0,0,0,n/a,n/a,1,0,0,0,0,0,0,229,6
1,10,12,1.0,0,0,0,0,0,0,n/a,n/a,1,0,0,0,0,0,0,255,9
1,1,15,1.0,0,0,0,0,0,0,n/a,n/a,1,0,0,0,0,0,0,238,6
1,10,12,1.0,0,0,0,0,0,0,n/a,n/a,1,0,0,0,0,0,0,209,9
1,1,15,1.0,0,0,0,0,0,0,3.9,ovl,1,1,1700.0,1,0,0,0,226,6
1,10,12,1.0,20,1300.0,2,1,33,0,33.0,-12.7,1,27,9700.0,2,0,0,0,198,7
1,1,15,1.0,0,0,0,0,0,0,n/a,n/a,1,0,0,0,0,0,0,204,6
1,10,12,1.0,0,0,0,0,0,0,n/a,n/a,1,0,0,0,0,0,0,223,7
1,1,15,1.0,0,0,0,0,0,0,n/a,n/a,1,0,0,0,0,0,0,195,6
1,10,12,1.0,0,0,0,0,0,0,n/a,n/a,1,0,0,0,0,0,0,225,7
1,1,15,1.0,0,0,0,0,0,0,n/a,n/a,1,0,0,0,0,0,0,205,6
1,10,12,1.0,0,0,0,0,0,0,n/a,n/a,1,0,0,0,0,0,0,212,7
1,1,15,1.0,0,0,0,0,0,0,4.2,ovl,1,1,1700.0,1,0,0,0,197,6
1,10,12,1.0,0,0,0,0,0,0,34.6,-7.1,1,27,4900.0,1,0,0,0,221,4
1,1,15,1.0,0,0,0,0,0,0,n/a,n/a,1,0,0,0,0,0,0,223,6
1,10,12,1.0,0,0,0,0,0,0,n/a,n/a,1,0,0,0,0,0,0,225,4
1,1,15,1.0,0,0,0,0,0,0,3.8,ovl,1,1,1700.0,1,0,0,0,231,6
1,10,12,1.0,0,0,0,0,0,0,34.1,-5.5,1,27,4900.0,1,0,0,0,252,3
1,1,15,1.0,0,0,0,0,0,0,n/a,n/a,1,0,0,0,0,0,0,233,6
1,10,12,1.0,0,0,0,0,0,0,32.9,-5.9,1,27,4900.0,1,0,0,0,258,3
1,1,15,1.0,0,0,0,0,0,0,4.0,ovl,1,1,3500.0,2,0,0,0,228,6
1,10,12,1.0,0,0,0,0,0,0,n/a,n/a,1,0,0,0,0,0,0,253,3
1,1,15,1.0,0,0,0,0,0,0,n/a,n/a,1,0,0,0,0,0,0,204,6
1,10,11,1.0,0,0,0,0,0,0,n/a,n/a,1,0,0,0,0,0,0,244,3
1,1,15,1.0,0,0,0,0,0,0,4.1,ovl,1,1,3500.0,2,0,0,0,220,6
1,10,11,1.0,0,0,0,0,0,0,33.1,-5.8,1,27,4900.0,1,0,0,0,276,2
1,1,15,1.0,0,0,0,0,0,0,n/a,n/a,1,0,0,0,0,0,0,206,6
1,10,12,1.0,0,0,0,0,0,0,33.3,-7.3,1,27,4900.0,1,0,0,0,260,2
1,1,15,1.0,0,0,0,0,0,0,n/a,n/a,1,0,0,0,0,0,0,213,6
1,10,11,1.0,0,0,0,0,0,0,n/a,n/a,1,0,0,0,0,0,0,218,2
1,1,15,1.0,0,0,0,0,0,0,n/a,n/a,1,0,0,0,0,0,0,221,6
1,10,11,1.0,0,0,0,0,0,0,33.0,-2.9,1,27,4900.0,1,0,0,0,260,0
1,1,15,1.0,0,0,0,0,0,0,n/a,n/a,1,0,0,0,0,0,0,229,6
1,10,11,1.0,0,0,0,0,0,0,n/a,n/a,1,0,0,0,0,0,0,234,0
1,1,15,1.0,0,0,0,0,0,0,n/a,n/a,1,0,0,0,0,0,0,237,6
1,10,11,1.0,0,0,0,0,0,0,n/a,n/a,1,0,0,0,0,0,0,212,0
1,1,15,1.0,0,0,0,0,0,0,n/a,n/a,1,0,0,0,0,0,0,245,6
1,10,11,1.0,0,0,0,0,0,0,n/a,n/a,1,0,0,0,0,0,0,217,0
1,1,15,1.0,0,0,0,0,0,0,4.7,ovl,1,1,1700.0,1,0,0,0,198,6
1,10,11,1.0,0,0,0,0,0,0,n/a,n/a,1,0,0,0,0,0,0,232,0
1,1,15,1.0,0,0,0,0,0,0,3.8,ovl,1,1,1700.0,1,0,0,0,197,6
1,10,11,1.0,0,0,0,0,0,0,32.8,-3.6,1,27,9700.0,2,0,0,0,266,1
1,1,15,1.0,0,0,0,0,0,0,n/a,n/a,1,0,0,0,0,0,0,201,6
1,10,11,1.0,0,0,0,0,0,0,n/a,n/a,1,0,0,0,0,0,0,242,1
1,1,15,1.0,0,0,0,0,0,0,n/a,n/a,1,0,0,0,0,0,0,231,6
1,10,11,1.0,0,0,0,0,0,0,n/a,n/a,1,0,0,0,0,0,0,243,1
1,1,15,1.0,0,0,0,0,0,0,n/a,n/a,1,0,0,0,0,0,0,225,6
1,10,10,1.0,0,0,0,0,0,0,34.8,-2.1,1,27,4900.0,1,0,0,0,281,4
1,1,15,1.0,0,0,0,0,0,0,3.7,ovl,1,1,1700.0,1,0,0,0,204,4
1,10,11,1.0,0,0,0,0,0,0,33.3,-10.4,1,27,4900.0,1,0,0,0,246,3
1,1,15,1.0,0,0,0,0,0,0,n/a,n/a,1,0,0,0,0,0,0,197,4
1,10,10,1.0,0,0,0,0,0,0,n/a,n/a,1,0,0,0,0,0,0,257,3
1,1,15,1.0,0,0,0,0,0,0,n/a,n/a,1,0,0,0,0,0,0,205,4
1,10,12,1.0,0,0,0,0,0,0,n/a,n/a,1,0,0,0,0,0,0,270,3
1,1,15,1.0,0,0,0,0,0,0,4.1,ovl,1,1,1700.0,1,0,0,0,251,4
1,10,13,1.0,0,0,0,0,0,0,34.2,-2.0,1,27,4900.0,1,0,0,0,246,9
1,1,15,1.0,0,0,0,0,0,0,3.9,ovl,1,1,1700.0,1,0,0,0,199,4
1,10,11,1.0,0,0,0,0,0,0,33.3,-8.3,1,27,4900.0,1,0,0,0,252,9
1,1,15,1.0,0,0,0,0,0,0,n/a,n/a,1,0,0,0,0,0,0,197,4
1,10,11,1.0,0,0,0,0,0,0,30.8,-10.6,1,27,4900.0,1,0,0,0,310,9
1,1,15,1.0,0,0,0,0,0,0,3.7,ovl,1,1,1700.0,1,0,0,0,202,5
1,10,13,1.0,0,0,0,0,0,0,35.3,-0.3,1,27,4900.0,1,0,0,0,260,3
1,1,15,1.0,0,0,0,0,0,0,n/a,n/a,1,0,0,0,0,0,0,210,5
1,10,12,1.0,0,0,0,0,0,0,n/a,n/a,1,0,0,0,0,0,0,242,3
1,1,15,1.0,0,0,0,0,0,0,4.1,ovl,1,1,1700.0,1,0,0,0,227,5
1,10,12,1.0,0,0,0,0,0,0,n/a,n/a,1,0,0,0,0,0,0,246,3
1,1,15,1.0,0,0,0,0,0,0,3.9,ovl,1,1,1700.0,1,0,0,0,227,6
1,10,12,1.0,0,0,0,0,0,0,32.6,-10.4,1,27,4900.0,1,0,0,0,284,8
1,1,15,1.0,0,0,0,0,0,0,n/a,n/a,1,0,0,0,0,0,0,229,6
1,10,12,1.0,0,0,0,0,0,0,n/a,n/a,1,0,0,0,0,0,0,246,8
1,1,15,1.0,0,0,0,0,0,0,n/a,n/a,1,0,0,0,0,0,0,208,6
1,10,12,1.0,0,0,0,0,0,0,29.2,-17.0,1,27,4900.0,1,0,0,0,210,7
1,1,15,1.0,0,0,0,0,0,0,4.2,ovl,1,1,5200.0,3,0,0,0,214,6
1,10,12,1.0,0,0,0,0,0,0,28.3,-19.3,1,27,4900.0,1,0,0,0,237,7
1,1,15,1.0,0,0,0,0,0,0,4.0,ovl,1,1,1700.0,1,0,0,0,221,6
1,10,11,1.0,18,820000.0,128,17,11,58,29.6,-12.4,1,27,1100000.0,58,0,0,0,255,0
1,1,15,1.0,0,0,0,0,0,0,3.7,ovl,1,1,1700.0,1,0,0,0,186,6
1,10,11,1.0,16,7200000.0,489,3,0,0,29.7,-14.5,1,27,804000.0,76,3,3,535,251,5
1,1,15,1.0,0,0,0,0,0,0,4.5,ovl,1,1,1700.0,1,0,0,0,197,7
1,10,12,1.0,19,302000.0,53,1,1,0,30.5,-13.3,1,27,334000.0,35,4,10,0,244,5
1,1,15,1.0,0,0,0,0,0,0,n/a,n/a,1,0,0,0,0,0,0,193,7
1,10,13,1.0,18,1500000.0,210,1,0,0,29.0,-11.5,1,27,976000.0,69,13,15,1450,276,6
1,1,15,1.0,0,0,0,0,0,0,4.3,ovl,1,1,1700.0,1,0,0,0,188,6
1,10,12,1.0,18,1900000.0,243,0,0,998,28.1,-14.0,1,27,1800000.0,90,11,10,745,250,8
1,1,15,1.0,0,0,0,0,0,0,4.2,ovl,1,1,3500.0,2,0,0,0,207,6
1,10,13,1.0,18,8300000.0,443,6,1,578,30.5,-12.5,1,27,1100000.0,82,3,3,10600,265,7
1,1,15,1.0,0,0,0,0,0,0,4.8,ovl,1,1,1700.0,1,0,0,0,190,6
1,10,12,1.0,18,38000000.0,1395,5,0,488,31.3,-11.1,1,27,1100000.0,101,0,0,1040,273,5
1,1,15,1.0,0,0,0,0,0,0,3.7,ovl,1,1,1700.0,1,0,0,0,224,5
1,10,12,1.0,20,42000000.0,1394,6,0,878,32.0,-9.0,1,27,649000.0,93,2,2,0,265,8
1,1,15,1.0,0,0,0,0,0,0,3.8,ovl,1,1,5200.0,3,0,0,0,226,4
1,10,14,1.0,24,52000000.0,1385,15,1,564,33.0,-8.1,1,27,556000.0,92,0,0,276,257,3
1,1,15,1.0,0,0,0,0,0,0,n/a,n/a,1,0,0,0,0,0,0,231,4
1,10,14,1.0,24,40000000.0,1120,12,1,343,32.9,-7.8,1,27,545000.0,84,0,0,535,246,3
1,1,15,1.0,0,0,0,0,0,0,3.5,ovl,1,1,1700.0,1,0,0,0,198,5
1,10,15,1.0,24,11000000.0,358,19,5,0,32.6,-10.4,1,27,217000.0,39,1,2,0,233,6
1,1,15,1.0,27,5600.0,5,0,0,0,3.8,ovl,1,1,6800.0,4,0,0,0,220,6
1,10,14,1.0,21,14000000.0,510,6,1,9020,29.6,-16.0,1,27,289000.0,51,2,3,384,269,6
1,1,15,1.0,27,6500.0,5,0,0,0,4.2,ovl,1,1,8700.0,5,0,0,0,226,6
1,10,14,1.0,22,3500000.0,128,0,0,0,32.2,-13.0,1,27,75000.0,13,0,0,0,279,7
1,1,15,1.0,0,0,0,0,0,0,3.8,ovl,1,1,3500.0,2,0,0,0,242,5
1,10,13,1.0,19,1300.0,2,0,0,0,34.0,-3.5,1,27,17000.0,3,0,0,0,241,1
1,1,15,1.0,0,0,0,0,0,0,n/a,n/a,1,0,0,0,0,0,0,206,5
1,10,12,1.0,20,10000.0,9,2,18,0,34.1,ovl,1,27,18000.0,4,0,0,0,252,2
1,1,15,1.0,0,0,0,0,0,0,n/a,n/a,1,0,0,0,0,0,0,215,5
1,10,12,1.0,16,528,1,0,0,0,33.1,-1.7,1,27,12000.0,2,0,0,0,272,3
1,1,15,1.0,0,0,0,0,0,0,3.7,ovl,1,1,3500.0,2,0,0,0,217,5
1,10,12,1.0,0,0,0,0,0,0,34.8,-8.8,1,27,4900.0,1,0,0,0,276,5
1,1,15,1.0,0,0,0,0,0,0,4.0,ovl,1,1,4600.0,3,0,0,0,190,5
1,10,12,1.0,0,0,0,0,0,0,n/a,n/a,1,0,0,0,0,0,0,291,5
1,1,15,1.0,0,0,0,0,0,0,n/a,n/a,1,0,0,0,0,0,0,214,5
1,10,13,1.0,0,0,0,0,0,0,33.7,-8.2,1,27,9700.0,2,0,0,0,269,7
1,1,15,1.0,0,0,0,0,0,0,4.2,ovl,1,1,3500.0,2,0,0,0,226,5
1,10,13,1.0,0,0,0,0,0,0,n/a,n/a,1,0,0,0,0,0,0,267,7
1,1,15,1.0,0,0,0,0,0,0,3.5,ovl,1,1,3500.0,2,0,0,0,226,5
1,10,14,1.0,20,253000.0,57,0,0,0,33.3,-8.1,1,27,256000.0,29,0,0,0,251,-1
1,1,15,1.0,0,0,0,0,0,0,n/a,n/a,1,0,0,0,0,0,0,211,5
1,10,13,1.0,19,152000.0,49,0,0,3,33.1,-8.6,1,27,187000.0,28,0,0,0,260,7
1,1,15,1.0,0,0,0,0,0,0,4.2,ovl,1,1,3500.0,2,0,0,0,213,5
1,10,13,1.0,22,3100000.0,213,0,0,0,32.4,-9.1,1,27,189000.0,38,0,0,0,267,11
1,1,15,1.0,0,0,0,0,0,0,3.4,ovl,1,1,1700.0,1,0,0,0,227,5
1,10,13,1.0,19,99000.0,40,0,0,3,33.3,-7.7,1,27,150000.0,27,0,0,0,258,7
1,1,15,1.0,0,0,0,0,0,0,n/a,n/a,1,0,0,0,0,0,0,215,5
1,10,13,1.0,19,193000.0,54,0,0,0,32.5,-9.2,1,27,204000.0,29,0,0,0,270,7
1,1,15,1.0,0,0,0,0,0,0,n/a,n/a,1,0,0,0,0,0,0,225,5
1,10,13,1.0,19,198000.0,41,0,0,0,32.6,-7.7,1,27,161000.0,23,0,0,38,263,7
1,1,15,1.0,0,0,0,0,0,0,n/a,n/a,1,0,0,0,0,0,0,217,5
1,10,13,1.0,19,130000.0,38,1,2,0,31.8,-10.1,1,27,193000.0,25,0,0,745,294,10
1,1,15,1.0,27,5600.0,5,0,0,0,3.5,ovl,1,0,6900.0,5,0,0,0,216,4
1,10,13,1.0,19,5800.0,6,0,0,0,31.8,-11.7,1,27,45000.0,8,0,0,0,277,9
1,1,15,1.0,0,0,0,0,0,0,3.6,ovl,1,1,1700.0,1,0,0,0,234,4
1,10,13,1.0,19,98000.0,32,3,8,0,32.4,-9.2,1,27,125000.0,22,0,0,0,292,8
1,1,15,1.0,0,0,0,0,0,0,n/a,n/a,1,0,0,0,0,0,0,193,4
1,10,14,1.0,20,797000.0,95,0,0,0,28.1,-10.5,1,26,302000.0,31,11,26,0,272,8
1,1,15,1.0,27,1900.0,2,0,0,0,3.4,ovl,1,1,2900.0,2,0,0,0,199,4
1,10,13,1.0,19,922000.0,86,10,10,3,24.8,-14.9,1,24,800000.0,48,18,27,0,247,9
1,1,15,1.0,27,928,1,0,0,0,4.1,ovl,1,1,1700.0,1,0,0,0,225,6
1,10,13,1.0,21,7000.0,7,0,0,0,32.9,-11.3,1,27,15000.0,3,0,0,0,248,8
1,1,15,1.0,27,928,1,0,0,0,4.6,ovl,1,1,1700.0,1,0,0,0,197,6
1,10,11,1.0,13,432,1,0,0,0,34.0,-4.7,1,27,4900.0,1,0,0,0,258,5
1,20,11,1.0,0,0,0,0,0,0,n/a,n/a,1,0,0,0,0,0,0,46,-8
1,30,12,1.0,0,0,0,0,0,0,n/a,n/a,1,0,0,0,0,0,0,82,-8
1,20,10,1.0,16,50000.0,28,14,33,0,25.5,-1.9,1,26,51000.0,10,2,16,0,315,-2
1,30,15,1.0,2,4500.0,13,0,0,0,24.2,-0.9,1,25,28000.0,6,0,0,0,179,-6
1,20,9,1.0,0,0,0,0,0,0,n/a,n/a,1,0,0,0,0,0,0,342,-2
1,30,13,1.0,0,0,0,0,0,0,n/a,n/a,1,0,0,0,0,0,0,60,-6
1,20,9,1.0,0,0,0,0,0,0,n/a,n/a,1,0,0,0,0,0,0,353,-2
1,30,12,1.0,0,0,0,0,0,0,n/a,n/a,1,0,0,0,0,0,0,37,-6
1,20,9,1.0,9,608,2,2,50,0,26.6,ovl,1,27,4900.0,1,1,50,0,387,-1
1,30,14,1.0,3,2800.0,3,0,0,0,26.4,-2.8,1,19,8600.0,2,0,0,0,8,-5
1,20,9,1.0,0,0,0,0,0,0,n/a,n/a,1,0,0,0,0,0,0,372,-1
1,30,11,1.0,19,244000.0,58,11,15,0,26.2,-2.2,1,27,162000.0,25,10,28,0,282,-7
1,20,8,1.0,10,3200.0,10,13,56,0,n/a,n/a,1,0,0,0,0,0,0,300,-1
1,30,10,1.0,0,0,0,0,0,0,n/a,n/a,1,0,0,0,0,0,0,304,-7
1,20,10,1.0,10,3000.0,9,14,60,0,n/a,n/a,1,0,0,0,0,0,0,266,-1
1,30,10,1.0,0,0,0,0,0,0,n/a,n/a,1,0,0,0,0,0,0,328,-7
1,20,10,1.0,10,1600.0,5,7,58,0,24.2,-0.3,1,27,4900.0,1,0,0,0,129,1
1,30,10,1.0,0,0,0,0,0,0,n/a,n/a,1,0,0,0,0,0,0,330,-7
1,20,11,1.0,11,1800.0,5,5,50,0,n/a,n/a,1,0,0,0,0,0,0,212,1
1,30,10,1.0,0,0,0,0,0,0,26.1,-0.5,1,27,4900.0,1,1,50,0,329,-8
1,20,11,1.0,11,1400.0,4,4,50,0,n/a,n/a,1,0,0,0,0,0,0,186,1
1,30,10,1.0,0,0,0,0,0,0,26.2,-0.7,1,27,4900.0,1,0,0,0,297,-8
1,20,11,1.0,11,992,3,3,50,0,26.6,-2.9,1,27,4900.0,1,0,0,0,128,3
1,30,10,1.0,0,0,0,0,0,0,n/a,n/a,1,0,0,0,0,0,0,342,-8
1,20,11,1.0,0,0,0,0,0,0,n/a,n/a,1,0,0,0,0,0,0,329,3
1,30,10,1.0,0,0,0,0,0,0,n/a,n/a,1,0,0,0,0,0,0,342,-8
1,20,10,1.0,0,0,0,0,0,0,26.8,-1.2,1,27,9700.0,2,0,0,0,350,2
1,30,10,1.0,0,0,0,0,0,0,n/a,n/a,1,0,0,0,0,0,0,360,-8
1,20,9,1.0,0,0,0,0,0,0,n/a,n/a,1,0,0,0,0,0,0,341,2
1,30,10,1.0,0,0,0,0,0,0,n/a,n/a,1,0,0,0,0,0,0,337,-8
1,20,10,1.0,0,0,0,0,0,0,27.7,ovl,1,27,4900.0,1,0,0,0,373,0
1,30,10,1.0,0,0,0,0,0,0,n/a,n/a,1,0,0,0,0,0,0,331,-8
1,20,10,1.0,0,0,0,0,0,0,27.4,ovl,1,27,4900.0,1,0,0,0,366,0
1,30,10,1.0,0,0,0,0,0,0,27.9,-0.7,1,27,4900.0,1,0,0,0,302,-8
1,20,11,1.0,0,0,0,0,0,0,n/a,n/a,1,0,0,0,0,0,0,353,0
1,30,10,1.0,0,0,0,0,0,0,n/a,n/a,1,0,0,0,0,0,0,326,-8
1,20,11,1.0,13,432,1,1,50,0,n/a,n/a,1,0,0,0,0,0,0,354,0
1,30,10,1.0,0,0,0,0,0,0,26.5,-0.9,1,27,4900.0,1,0,0,0,295,-8
1,20,12,1.0,13,3800.0,9,8,47,0,28.0,-3.7,1,27,4900.0,1,0,0,0,142,3
1,30,10,1.0,0,0,0,0,0,0,26.5,-0.6,1,27,15000.0,3,1,25,0,308,-8
1,20,12,1.0,12,1900.0,5,3,37,0,n/a,n/a,1,0,0,0,0,0,0,186,3
1,30,10,1.0,0,0,0,0,0,0,n/a,n/a,1,0,0,0,0,0,0,332,-8
1,20,12,1.0,0,0,0,0,0,0,n/a,n/a,1,0,0,0,0,0,0,158,3
1,30,10,1.0,0,0,0,0,0,0,n/a,n/a,1,0,0,0,0,0,0,336,-8
1,20,12,1.0,13,1300.0,3,3,50,0,n/a,n/a,1,0,0,0,0,0,0,200,3
1,30,10,1.0,0,0,0,0,0,0,26.6,-0.7,1,27,4900.0,1,0,0,0,313,-8
1,20,12,1.0,13,864,2,2,50,0,25.9,-4.0,1,27,9700.0,2,0,0,0,346,2
1,30,10,1.0,0,0,0,0,0,0,27.1,-0.7,1,27,9700.0,2,0,0,0,304,-8
1,20,12,1.0,0,0,0,0,0,0,n/a,n/a,1,0,0,0,0,0,0,327,2
1,30,10,1.0,0,0,0,0,0,0,n/a,n/a,1,0,0,0,0,0,0,333,-8
1,20,12,1.0,0,0,0,0,0,0,25.6,-3.6,1,27,4900.0,1,0,0,0,302,1
1,30,10,1.0,0,0,0,0,0,0,26.5,-0.8,1,27,9700.0,2,1,33,0,325,-8
1,20,12,1.0,0,0,0,0,0,0,27.7,-3.9,1,27,9700.0,2,0,0,0,314,2
1,30,10,1.0,0,0,0,0,0,0,25.7,-0.6,1,27,4900.0,1,0,0,0,308,-8
1,20,12,1.0,0,0,0,0,0,0,n/a,n/a,1,0,0,0,0,0,0,340,2
1,30,10,1.0,0,0,0,0,0,0,n/a,n/a,1,0,0,0,0,0,0,322,-8
1,20,12,1.0,0,0,0,0,0,0,28.7,-4.2,1,27,4900.0,1,0,0,0,370,2
1,30,10,1.0,0,0,0,0,0,0,n/a,n/a,1,0,0,0,0,0,0,338,-8
1,20,12,1.0,13,864,2,1,33,0,24.9,-4.5,1,27,4900.0,1,0,0,0,354,2
1,30,10,1.0,0,0,0,0,0,0,n/a,n/a,1,0,0,0,0,0,0,351,-8
1,20,12,1.0,12,752,2,0,0,0,n/a,n/a,1,0,0,0,0,0,0,338,2
1,30,10,1.0,0,0,0,0,0,0,n/a,n/a,1,0,0,0,0,0,0,329,-8
1,20,11,1.0,12,2400.0,6,2,25,0,n/a,n/a,1,0,0,0,0,0,0,311,2
1,30,10,1.0,0,0,0,0,0,0,n/a,n/a,1,0,0,0,0,0,0,337,-8
1,20,12,1.0,12,4400.0,11,5,31,0,28.4,-4.2,1,27,4900.0,1,0,0,0,126,2
1,30,10,1.0,0,0,0,0,0,0,26.4,-0.7,1,27,4900.0,1,1,50,0,301,-8
1,20,12,1.0,12,1600.0,4,2,33,0,n/a,n/a,1,0,0,0,0,0,0,188,2
1,30,10,1.0,0,0,0,0,0,0,n/a,n/a,1,0,0,0,0,0,0,317,-8
1,20,12,1.0,13,1600.0,4,0,0,0,n/a,n/a,1,0,0,0,0,0,0,180,2
1,30,10,1.0,0,0,0,0,0,0,n/a,n/a,1,0,0,0,0,0,0,301,-8
1,20,12,1.0,13,1200.0,3,1,25,0,n/a,n/a,1,0,0,0,0,0,0,288,2
1,30,10,1.0,0,0,0,0,0,0,n/a,n/a,1,0,0,0,0,0,0,315,-8
1,20,11,1.0,0,0,0,0,0,0,n/a,n/a,1,0,0,0,0,0,0,298,2
1,30,10,1.0,0,0,0,0,0,0,27.6,-0.7,1,27,4900.0,1,0,0,0,308,-8
1,20,12,1.0,0,0,0,0,0,0,26.5,-6.8,1,27,4900.0,1,0,0,0,337,3
1,30,10,1.0,0,0,0,0,0,0,26.3,-0.6,1,27,4900.0,1,0,0,0,297,-8
1,20,12,1.0,0,0,0,0,0,0,n/a,n/a,1,0,0,0,0,0,0,335,3
1,30,10,1.0,0,0,0,0,0,0,n/a,n/a,1,0,0,0,0,0,0,318,-8
1,20,12,1.0,0,0,0,0,0,0,n/a,n/a,1,0,0,0,0,0,0,350,3
1,30,10,1.0,0,0,0,0,0,0,25.2,-0.7,1,27,9700.0,2,1,33,0,295,-8
1,20,11,1.0,0,0,0,0,0,0,n/a,n/a,1,0,0,0,0,0,0,343,3
1,30,10,1.0,0,0,0,0,0,0,n/a,n/a,1,0,0,0,0,0,0,309,-8
1,20,11,1.0,0,0,0,0,0,0,n/a,n/a,1,0,0,0,0,0,0,346,3
1,30,10,1.0,0,0,0,0,0,0,n/a,n/a,1,0,0,0,0,0,0,318,-8
1,20,11,1.0,0,0,0,0,0,0,n/a,n/a,1,0,0,0,0,0,0,351,3
1,30,10,1.0,0,0,0,0,0,0,n/a,n/a,1,0,0,0,0,0,0,335,-8
1,20,11,1.0,0,0,0,0,0,0,n/a,n/a,1,0,0,0,0,0,0,363,3
1,30,10,1.0,0,0,0,0,0,0,n/a,n/a,1,0,0,0,0,0,0,334,-8
1,20,12,1.0,12,3500.0,9,0,0,0,26.2,-2.3,1,27,9700.0,2,0,0,0,261,1
1,30,10,1.0,0,0,0,0,0,0,n/a,n/a,1,0,0,0,0,0,0,331,-8
1,20,12,1.0,12,1500.0,4,0,0,0,26.0,-1.3,1,27,9700.0,2,0,0,0,137,0
1,30,10,1.0,0,0,0,0,0,0,n/a,n/a,1,0,0,0,0,0,0,324,-8
1,20,12,1.0,12,784,2,0,0,0,n/a,n/a,1,0,0,0,0,0,0,177,0
1,30,10,1.0,0,0,0,0,0,0,n/a,n/a,1,0,0,0,0,0,0,335,-8
1,20,12,1.0,12,752,2,0,0,0,26.5,-3.9,1,27,9700.0,2,0,0,0,128,1
1,30,10,1.0,0,0,0,0,0,0,27.8,-0.7,1,27,9700.0,2,0,0,0,329,-7
1,20,12,1.0,13,1200.0,3,1,25,0,n/a,n/a,1,0,0,0,0,0,0,223,1
1,30,10,1.0,0,0,0,0,0,0,n/a,n/a,1,0,0,0,0,0,0,338,-7
1,20,12,1.0,0,0,0,0,0,0,27.0,-2.7,1,27,9700.0,2,0,0,0,306,0
1,30,10,1.0,0,0,0,0,0,0,n/a,n/a,1,0,0,0,0,0,0,329,-7
1,20,11,1.0,0,0,0,0,0,0,n/a,n/a,1,0,0,0,0,0,0,324,0
1,30,10,1.0,0,0,0,0,0,0,26.1,-0.7,1,27,9700.0,2,0,0,0,301,-8
1,20,11,1.0,0,0,0,0,0,0,n/a,n/a,1,0,0,0,0,0,0,342,0
1,30,10,1.0,0,0,0,0,0,0,n/a,n/a,1,0,0,0,0,0,0,329,-8
1,20,11,1.0,0,0,0,0,0,0,27.6,-0.4,1,27,4900.0,1,0,0,0,352,0
1,30,10,1.0,0,0,0,0,0,0,25.9,-0.8,1,27,4900.0,1,0,0,0,292,-8
1,20,11,1.0,0,0,0,0,0,0,25.8,ovl,1,27,4900.0,1,0,0,0,397,-1
1,30,10,1.0,0,0,0,0,0,0,n/a,n/a,1,0,0,0,0,0,0,346,-8
1,20,11,1.0,0,0,0,0,0,0,n/a,n/a,1,0,0,0,0,0,0,366,-1
1,30,10,1.0,0,0,0,0,0,0,25.8,-0.7,1,27,9700.0,2,0,0,0,320,-8
1,20,11,1.0,10,1400.0,4,3,42,0,26.1,ovl,1,27,4900.0,1,0,0,0,408,-1
1,30,10,1.0,0,0,0,0,0,0,25.0,-0.7,1,27,9700.0,2,0,0,0,296,-8
1,20,11,1.0,10,3000.0,9,5,35,0,25.8,ovl,1,27,4900.0,1,0,0,0,394,-1
1,30,10,1.0,0,0,0,0,0,0,n/a,n/a,1,0,0,0,0,0,0,320,-8
1,20,11,1.0,11,2000.0,6,5,45,0,27.2,ovl,1,27,4900.0,1,0,0,0,159,-2
1,30,10,1.0,0,0,0,0,0,0,25.7,-0.7,1,27,4900.0,1,0,0,0,297,-8
1,20,10,1.0,10,3500.0,11,4,26,0,n/a,n/a,1,0,0,0,0,0,0,230,-2
1,30,10,1.0,0,0,0,0,0,0,26.0,-0.7,1,27,4900.0,1,1,50,0,308,-8
1,20,11,1.0,0,0,0,0,0,0,27.8,ovl,1,27,4900.0,1,0,0,0,365,-2
1,30,10,1.0,0,0,0,0,0,0,n/a,n/a,1,0,0,0,0,0,0,299,-8
1,20,11,1.0,0,0,0,0,0,0,n/a,n/a,1,0,0,0,0,0,0,301,-2
1,30,10,1.0,0,0,0,0,0,0,n/a,n/a,1,0,0,0,0,0,0,307,-8
1,20,11,1.0,10,2000.0,4,0,0,0,26.1,ovl,1,27,19000.0,4,0,0,0,363,-2
1,30,10,1.0,0,0,0,0,0,0,n/a,n/a,1,0,0,0,0,0,0,309,-8
1,20,10,1.0,0,0,0,0,0,0,n/a,n/a,1,0,0,0,0,0,0,352,-2
1,30,10,1.0,0,0,0,0,0,0,n/a,n/a,1,0,0,0,0,0,0,321,-8
1,20,10,1.0,0,0,0,0,0,0,27.8,ovl,1,27,4900.0,1,0,0,0,343,-2
1,30,10,1.0,0,0,0,0,0,0,n/a,n/a,1,0,0,0,0,0,0,324,-8
1,20,9,1.0,7,1800.0,8,0,0,0,27.0,ovl,1,27,4900.0,1,0,0,0,368,-2
1,30,10,1.0,0,0,0,0,0,0,n/a,n/a,1,0,0,0,0,0,0,302,-8
1,20,10,1.0,8,2400.0,9,0,0,0,26.8,ovl,1,27,4900.0,1,1,50,0,386,-2
1,30,10,1.0,14,2800.0,4,0,0,0,27.3,-0.6,1,27,19000.0,4,0,0,0,285,-7
1,20,10,1.0,9,2900.0,10,0,0,0,n/a,n/a,1,0,0,0,0,0,0,235,-2
1,30,10,1.0,0,0,0,0,0,0,n/a,n/a,1,0,0,0,0,0,0,320,-7
1,20,10,1.0,0,0,0,0,0,0,n/a,n/a,1,0,0,0,0,0,0,145,-2
1,30,10,1.0,0,0,0,0,0,0,n/a,n/a,1,0,0,0,0,0,0,325,-7
1,20,10,1.0,0,0,0,0,0,0,n/a,n/a,1,0,0,0,0,0,0,158,-2
1,30,10,1.0,0,0,0,0,0,0,n/a,n/a,1,0,0,0,0,0,0,325,-7
1,20,10,1.0,0,0,0,0,0,0,n/a,n/a,1,0,0,0,0,0,0,170,-2
1,30,11,1.0,0,0,0,0,0,0,25.7,-0.8,1,27,4900.0,1,0,0,0,309,-7
1,20,10,1.0,9,608,2,0,0,0,n/a,n/a,1,0,0,0,0,0,0,155,-2
1,30,11,1.0,0,0,0,0,0,0,n/a,n/a,1,0,0,0,0,0,0,319,-7
1,20,10,1.0,10,1300.0,4,0,0,0,28.2,-0.5,1,27,4900.0,1,0,0,0,150,-1
1,30,11,1.0,0,0,0,0,0,0,28.1,-0.8,1,27,4900.0,1,0,0,0,309,-7
1,20,11,1.0,9,304,1,0,0,0,26.8,-0.5,1,27,4900.0,1,0,0,0,305,-1
1,30,11,1.0,0,0,0,0,0,0,28.4,-0.8,1,27,4900.0,1,0,0,0,337,-7
1,20,10,1.0,0,0,0,0,0,0,n/a,n/a,1,0,0,0,0,0,0,331,-1
1,30,11,1.0,0,0,0,0,0,0,n/a,n/a,1,0,0,0,0,0,0,305,-7
1,20,10,1.0,0,0,0,0,0,0,26.3,-1.1,1,27,4900.0,1,0,0,0,359,-2
1,30,10,1.0,0,0,0,0,0,0,n/a,n/a,1,0,0,0,0,0,0,324,-7
1,20,10,1.0,0,0,0,0,0,0,26.6,-0.8,1,27,4900.0,1,0,0,0,369,-1
1,30,11,1.0,0,0,0,0,0,0,n/a,n/a,1,0,0,0,0,0,0,319,-7
1,20,11,1.0,8,544,2,0,0,0,n/a,n/a,1,0,0,0,0,0,0,342,-1
1,30,11,1.0,0,0,0,0,0,0,25.9,-0.7,1,27,4900.0,1,0,0,0,289,-7
1,20,11,1.0,9,576,2,0,0,0,25.7,-0.2,1,27,4900.0,1,0,0,0,403,-1
1,30,10,1.0,0,0,0,0,0,0,26.1,-0.5,1,27,4900.0,1,0,0,0,306,-8
1,20,11,1.0,8,1700.0,6,0,0,0,27.5,-1.0,1,27,4900.0,1,0,0,0,379,-1
1,30,10,1.0,0,0,0,0,0,0,26.0,-0.5,1,27,4900.0,1,0,0,0,309,-8
1,20,11,1.0,11,4100.0,12,1,7,0,n/a,n/a,1,0,0,0,0,0,0,272,-1
1,30,10,1.0,0,0,0,0,0,0,n/a,n/a,1,0,0,0,0,0,0,321,-8
1,20,10,1.0,9,3300.0,11,0,0,0,27.4,-3.0,1,27,9700.0,2,0,0,0,145,1
1,30,10,1.0,0,0,0,0,0,0,n/a,n/a,1,0,0,0,0,0,0,312,-8
1,20,11,1.0,11,3100.0,9,2,18,0,25.3,-3.4,1,27,4900.0,1,0,0,0,157,1
1,30,10,1.0,0,0,0,0,0,0,n/a,n/a,1,0,0,0,0,0,0,287,-8
1,20,11,1.0,10,1900.0,6,1,14,0,n/a,n/a,1,0,0,0,0,0,0,308,1
1,30,10,1.0,0,0,0,0,0,0,n/a,n/a,1,0,0,0,0,0,0,303,-8
1,20,11,1.0,0,0,0,0,0,0,26.4,-3.5,1,27,19000.0,4,0,0,0,355,1
1,30,10,1.0,0,0,0,0,0,0,26.7,-0.8,1,27,4900.0,1,0,0,0,267,-7
1,20,10,1.0,0,0,0,0,0,0,n/a,n/a,1,0,0,0,0,0,0,317,1
1,30,10,1.0,0,0,0,0,0,0,n/a,n/a,1,0,0,0,0,0,0,317,-7
1,20,10,1.0,0,0,0,0,0,0,25.7,-3.5,1,27,4900.0,1,1,50,0,345,0
1,30,10,1.0,0,0,0,0,0,0,n/a,n/a,1,0,0,0,0,0,0,328,-7
1,20,10,1.0,0,0,0,0,0,0,26.3,-3.6,1,27,9700.0,2,0,0,0,352,1
1,30,10,1.0,0,0,0,0,0,0,n/a,n/a,1,0,0,0,0,0,0,331,-7
1,20,10,1.0,0,0,0,0,0,0,27.0,-4.6,1,27,4900.0,1,0,0,0,351,0
1,30,10,1.0,0,0,0,0,0,0,26.4,-0.7,1,27,4900.0,1,0,0,0,297,-7
1,20,11,1.0,10,440000.0,85,7,7,0,25.4,-6.8,1,27,401000.0,37,20,35,1450.0,374,7
1,30,10,1.0,0,0,0,0,0,0,24.9,-0.7,1,27,9700.0,2,0,0,0,297,-7
1,20,12,1.0,13,1600000.0,220,2,0,0,25.2,-8.0,1,26,1700000.0,91,41,31,0,324,3
1,30,10,1.0,0,0,0,0,0,0,n/a,n/a,1,0,0,0,0,0,0,318,-7
1,20,11,1.0,13,294000.0,40,0,0,0,26.2,-3.5,1,26,69000.0,13,2,13,0,272,0
1,30,10,1.0,0,0,0,0,0,0,n/a,n/a,1,0,0,0,0,0,0,332,-7
1,20,10,1.0,9,65000.0,25,1,3,0,26.9,-2.2,1,26,61000.0,13,0,0,0,236,0
1,30,10,1.0,0,0,0,0,0,0,n/a,n/a,1,0,0,0,0,0,0,336,-7
1,20,9,1.0,7,1100.0,5,0,0,0,26.3,-2.6,1,26,39000.0,7,0,0,0,148,0
1,30,10,1.0,0,0,0,0,0,0,26.2,-0.6,1,27,4900.0,1,0,0,0,359,-7
1,20,9,1.0,8,1300.0,5,1,16,0,26.0,-3.8,1,26,16000.0,3,0,0,0,141,1
1,30,10,1.0,0,0,0,0,0,0,n/a,n/a,1,0,0,0,0,0,0,350,-7
1,20,9,1.0,8,4400.0,12,0,0,0,27.1,-3.8,1,27,9600.0,2,0,0,0,273,1
1,30,10,1.0,0,0,0,0,0,0,26.2,-0.6,1,27,4900.0,1,0,0,0,343,-7
1,20,9,1.0,6,976,5,0,0,0,n/a,n/a,1,0,0,0,0,0,0,303,1
1,30,10,1.0,0,0,0,0,0,0,n/a,n/a,1,0,0,0,0,0,0,336,-7
1,20,9,1.0,0,0,0,0,0,0,27.0,-2.3,1,27,14000.0,3,0,0,0,330,0
1,30,10,1.0,0,0,0,0,0,0,25.6,-0.5,1,27,4900.0,1,0,0,0,276,-8
1,20,9,1.0,0,0,0,0,0,0,n/a,n/a,1,0,0,0,0,0,0,332,0
1,30,10,1.0,0,0,0,0,0,0,26.8,-0.6,1,27,4900.0,1,0,0,0,304,-7
1,20,9,1.0,0,0,0,0,0,0,n/a,n/a,1,0,0,0,0,0,0,334,0
1,30,10,1.0,0,0,0,0,0,0,25.6,-0.7,1,27,4900.0,1,0,0,0,302,-8
1,20,10,1.0,0,0,0,0,0,0,n/a,n/a,1,0,0,0,0,0,0,341,0
1,30,10,1.0,0,0,0,0,0,0,n/a,n/a,1,0,0,0,0,0,0,328,-8
1,20,10,1.0,0,0,0,0,0,0,n/a,n/a,1,0,0,0,0,0,0,344,0
1,30,10,1.0,0,0,0,0,0,0,n/a,n/a,1,0,0,0,0,0,0,318,-8
1,20,10,1.0,0,0,0,0,0,0,24.5,-5.3,1,27,4900.0,1,0,0,0,372,0
1,30,10,1.0,0,0,0,0,0,0,n/a,n/a,1,0,0,0,0,0,0,332,-8
1,20,9,1.0,7,960,4,0,0,0,25.2,-6.4,1,25,4500.0,1,0,0,0,106,0
1,30,10,1.0,0,0,0,0,0,0,n/a,n/a,1,0,0,0,0,0,0,312,-8
1,20,9,1.0,7,1700.0,7,0,0,0,n/a,n/a,1,0,0,0,0,0,0,333,0
1,30,10,1.0,0,0,0,0,0,0,n/a,n/a,1,0,0,0,0,0,0,299,-8
1,20,9,1.0,6,2300.0,11,0,0,0,26.0,-5.2,1,25,4500.0,1,0,0,0,394,-1
1,30,10,1.0,0,0,0,0,0,0,n/a,n/a,1,0,0,0,0,0,0,304,-8
1,20,9,1.0,0,0,0,0,0,0,26.2,-6.9,1,26,4700.0,1,0,0,0,277,-1
1,30,10,1.0,0,0,0,0,0,0,27.2,-0.7,1,27,9700.0,2,0,0,0,292,-7
1,20,8,1.0,5,736,2,0,0,0,28.1,-7.1,1,27,19000.0,4,0,0,0,302,-2
1,30,10,1.0,0,0,0,0,0,0,27.0,-0.7,1,27,9700.0,2,1,33,0,283,-7
1,20,8,1.0,0,0,0,0,0,0,n/a,n/a,1,0,0,0,0,0,0,293,-2
1,30,10,1.0,0,0,0,0,0,0,n/a,n/a,1,0,0,0,0,0,0,311,-7
1,20,7,1.0,0,0,0,0,0,0,n/a,n/a,1,0,0,0,0,0,0,306,-2
1,30,10,1.0,0,0,0,0,0,0,n/a,n/a,1,0,0,0,0,0,0,308,-7
1,20,6,1.0,0,0,0,0,0,0,25.7,-7.0,1,27,9600.0,2,1,33,0,316,-5
1,30,10,1.0,0,0,0,0,0,0,25.2,-0.9,1,27,4900.0,1,0,0,0,267,-7
1,20,7,1.0,0,0,0,0,0,0,n/a,n/a,1,0,0,0,0,0,0,318,-5
1,30,10,1.0,0,0,0,0,0,0,n/a,n/a,1,0,0,0,0,0,0,315,-7
1,20,10,1.0,7,960,3,0,0,0,27.1,-7.0,1,27,14000.0,3,0,0,0,362,2
1,30,10,1.0,0,0,0,0,0,0,n/a,n/a,1,0,0,0,0,0,0,316,-7
1,20,11,1.0,0,0,0,0,0,0,n/a,n/a,1,0,0,0,0,0,0,305,2
1,30,10,1.0,0,0,0,0,0,0,n/a,n/a,1,0,0,0,0,0,0,337,-7
1,20,11,1.0,0,0,0,0,0,0,n/a,n/a,1,0,0,0,0,0,0,320,2
1,30,10,1.0,0,0,0,0,0,0,28.4,-0.8,1,27,4900.0,1,0,0,0,279,-8
1,20,10,1.0,0,0,0,0,0,0,n/a,n/a,1,0,0,0,0,0,0,322,2
1,30,10,1.0,0,0,0,0,0,0,n/a,n/a,1,0,0,0,0,0,0,316,-8
1,20,8,1.0,0,0,0,0,0,0,n/a,n/a,1,0,0,0,0,0,0,340,2
1,30,10,1.0,0,0,0,0,0,0,n/a,n/a,1,0,0,0,0,0,0,304,-8
1,20,8,1.0,0,0,0,0,0,0,n/a,n/a,1,0,0,0,0,0,0,352,2
1,30,10,1.0,0,0,0,0,0,0,25.4,-1.1,1,27,9700.0,2,0,0,0,262,-8
1,20,9,1.0,6,864,4,0,0,0,27.1,-6.2,1,26,4700.0,1,0,0,0,375,3
1,30,10,1.0,0,0,0,0,0,0,26.6,-1.0,1,0,4900.0,1,0,0,0,287,-8
1,20,8,1.0,5,952,5,1,16,0,27.8,-2.1,1,27,4900.0,1,0,0,0,148,-1
1,30,10,1.0,0,0,0,0,0,0,n/a,n/a,1,0,0,0,0,0,0,325,-8
1,20,9,1.0,8,272,1,0,0,0,n/a,n/a,1,0,0,0,0,0,0,252,-1
1,30,10,1.0,0,0,0,0,0,0,26.3,-1.0,1,27,4900.0,1,0,0,0,304,-8
1,20,9,1.0,0,0,0,0,0,0,n/a,n/a,1,0,0,0,0,0,0,332,-1
1,30,10,1.0,0,0,0,0,0,0,27.8,-1.0,1,27,4900.0,1,0,0,0,317,-9
1,20,7,1.0,0,0,0,0,0,0,25.5,-2.1,1,27,4900.0,1,0,0,0,316,-6
1,30,10,1.0,0,0,0,0,0,0,n/a,n/a,1,0,0,0,0,0,0,326,-9
1,20,8,1.0,0,0,0,0,0,0,n/a,n/a,1,0,0,0,0,0,0,354,-6
1,30,10,1.0,14,456,1,0,0,0,26.6,-1.0,1,27,4900.0,1,1,50,0,326,-8
1,20,7,1.0,2,144,2,0,0,0,25.7,ovl,1,25,4500.0,1,0,0,0,378,-2
1,30,10,1.0,14,912,2,0,0,0,26.6,-1.0,1,27,9700.0,2,0,0,0,336,-8
1,20,7,1.0,5,184,1,0,0,0,26.6,-0.1,1,26,9500.0,2,0,0,0,380,-2
1,30,10,1.0,0,0,0,0,0,0,n/a,n/a,1,0,0,0,0,0,0,300,-8
1,20,9,1.0,7,1200.0,5,1,16,0,n/a,n/a,1,0,0,0,0,0,0,348,-2
1,30,10,1.0,0,0,0,0,0,0,25.6,-1.1,1,27,9700.0,2,0,0,0,297,-9
1,20,9,1.0,7,2600.0,11,1,8,0,n/a,n/a,1,0,0,0,0,0,0,260,-2
1,30,10,1.0,0,0,0,0,0,0,n/a,n/a,1,0,0,0,0,0,0,338,-9
1,20,9,1.0,7,960,4,0,0,0,n/a,n/a,1,0,0,0,0,0,0,188,-2
1,30,10,1.0,0,0,0,0,0,0,28.0,-1.0,1,27,4900.0,1,0,0,0,304,-9
1,20,9,1.0,0,0,0,0,0,0,n/a,n/a,1,0,0,0,0,0,0,156,-2
1,30,10,1.0,0,0,0,0,0,0,26.1,-1.0,1,27,9700.0,2,0,0,0,303,-9
1,20,9,1.0,8,1600.0,6,2,25,0,n/a,n/a,1,0,0,0,0,0,0,192,-2
1,30,10,1.0,0,0,0,0,0,0,27.5,-1.2,1,27,4900.0,1,0,0,0,302,-9
1,20,9,1.0,7,1200.0,5,0,0,0,25.8,-0.7,1,27,4900.0,1,1,50,0,373,0
1,30,10,1.0,0,0,0,0,0,0,n/a,n/a,1,0,0,0,0,0,0,316,-9
1,20,7,1.0,0,0,0,0,0,0,26.4,-5.6,1,27,4900.0,1,0,0,0,355,-12
1,30,10,1.0,0,0,0,0,0,0,27.4,-1.3,1,27,9700.0,2,0,0,0,306,-8
1,20,5,1.0,0,0,0,0,0,0,n/a,n/a,1,0,0,0,0,0,0,325,-12
1,30,10,1.0,0,0,0,0,0,0,n/a,n/a,1,0,0,0,0,0,0,339,-8
1,20,6,1.0,0,48,2,0,0,0,n/a,n/a,1,0,0,0,0,0,0,323,-12
1,30,10,1.0,0,0,0,0,0,0,n/a,n/a,1,0,0,0,0,0,0,286,-8
1,20,7,1.0,0,0,0,0,0,0,26.2,-3.7,1,26,9500.0,2,0,0,0,334,-4
1,30,10,1.0,0,0,0,0,0,0,n/a,n/a,1,0,0,0,0,0,0,297,-8
1,20,6,1.0,0,48,2,2,50,0,n/a,n/a,1,0,0,0,0,0,0,353,-4
1,30,10,1.0,0,0,0,0,0,0,26.2,-1.5,1,27,9700.0,2,0,0,0,294,-7
1,20,6,1.0,2,40,1,0,0,0,26.9,-10.5,1,26,4700.0,1,0,0,0,338,-12
1,30,10,1.0,0,0,0,0,0,0,n/a,n/a,1,0,0,0,0,0,0,301,-7
1,20,7,1.0,0,104,1,0,0,0,25.4,-10.3,1,27,4900.0,1,0,0,0,356,-14
1,30,10,1.0,0,0,0,0,0,0,n/a,n/a,1,0,0,0,0,0,0,310,-7
1,20,7,1.0,0,0,0,0,0,0,n/a,n/a,1,0,0,0,0,0,0,319,-14
1,30,10,1.0,0,0,0,0,0,0,n/a,n/a,1,0,0,0,0,0,0,305,-7
1,20,6,1.0,1,160,4,1,20,0,n/a,n/a,1,0,0,0,0,0,0,323,-14
1,30,10,1.0,0,0,0,0,0,0,n/a,n/a,1,0,0,0,0,0,0,300,-7
1,20,6,1.0,1,328,9,0,0,0,22.1,-13.9,1,25,4500.0,1,0,0,0,371,-10
1,30,10,1.0,0,0,0,0,0,0,n/a,n/a,1,0,0,0,0,0,0,320,-7
1,20,7,1.0,1,264,5,0,0,0,17.3,-13.8,1,15,9100.0,2,0,0,0,210,-8
1,30,10,1.0,0,0,0,0,0,0,26.9,-1.5,1,27,4900.0,1,0,0,0,348,-8
1,20,7,1.0,3,104,1,0,0,0,15.9,-11.4,1,9,4100.0,1,0,0,0,148,-7
1,30,10,1.0,0,0,0,0,0,0,n/a,n/a,1,0,0,0,0,0,0,321,-8
1,20,7,1.0,0,0,0,0,0,0,n/a,n/a,1,0,0,0,0,0,0,178,-7
1,30,10,1.0,0,0,0,0,0,0,n/a,n/a,1,0,0,0,0,0,0,324,-8
1,20,7,1.0,0,0,0,0,0,0,n/a,n/a,1,0,0,0,0,0,0,191,-7
1,30,10,1.0,0,0,0,0,0,0,n/a,n/a,1,0,0,0,0,0,0,333,-8
1,20,8,1.0,0,0,0,0,0,0,n/a,n/a,1,0,0,0,0,0,0,204,-7
1,30,10,1.0,0,0,0,0,0,0,n/a,n/a,1,0,0,0,0,0,0,310,-8
1,20,8,1.0,5,184,1,1,50,0,n/a,n/a,1,0,0,0,0,0,0,317,-7
1,30,10,1.0,0,0,0,0,0,0,n/a,n/a,1,0,0,0,0,0,0,316,-8
1,20,7,1.0,0,0,0,0,0,0,16.8,-14.1,1,8,4200.0,1,0,0,0,298,-9
1,30,10,1.0,0,0,0,0,0,0,26.8,-1.4,1,27,4900.0,1,0,0,0,334,-8
1,20,7,1.0,4,872,6,7,53,0,n/a,n/a,1,0,0,0,0,0,0,295,-9
1,30,10,1.0,0,0,0,0,0,0,n/a,n/a,1,0,0,0,0,0,0,320,-8
1,20,8,1.0,5,1700.0,10,7,41,0,n/a,n/a,1,0,0,0,0,0,0,300,-9
1,30,10,1.0,0,0,0,0,0,0,25.1,-1.4,1,27,4900.0,1,0,0,0,288,-8
1,20,7,1.0,3,208,2,0,0,0,n/a,n/a,1,0,0,0,0,0,0,314,-9
1,30,10,1.0,0,0,0,0,0,0,28.3,-1.6,1,27,4900.0,1,0,0,0,299,-8
1,20,7,1.0,0,0,0,0,0,0,n/a,n/a,1,0,0,0,0,0,0,360,-9
1,30,10,1.0,0,0,0,0,0,0,n/a,n/a,1,0,0,0,0,0,0,343,-8
1,20,7,1.0,0,0,0,0,0,0,n/a,n/a,1,0,0,0,0,0,0,322,-9
1,30,10,1.0,0,0,0,0,0,0,n/a,n/a,1,0,0,0,0,0,0,352,-8
1,20,6,1.0,0,0,0,0,0,0,n/a,n/a,1,0,0,0,0,0,0,324,-9
1,30,10,1.0,0,0,0,0,0,0,25.8,-1.8,1,27,4900.0,1,0,0,0,353,-7
1,20,7,1.0,0,0,0,0,0,0,18.8,-12.6,1,9,4100.0,1,0,0,0,271,-16
1,30,10,1.0,0,0,0,0,0,0,n/a,n/a,1,0,0,0,0,0,0,327,-7
1,20,6,1.0,0,0,0,0,0,0,22.9,-12.6,1,15,8800.0,2,0,0,0,262,-12
1,30,10,1.0,0,0,0,0,0,0,n/a,n/a,1,0,0,0,0,0,0,317,-7
1,20,6,1.0,0,48,2,0,0,0,n/a,n/a,1,0,0,0,0,0,0,350,-12
1,30,10,1.0,0,0,0,0,0,0,n/a,n/a,1,0,0,0,0,0,0,309,-7
1,20,6,1.0,0,0,0,0,0,0,n/a,n/a,1,0,0,0,0,0,0,306,-12
1,30,10,1.0,0,0,0,0,0,0,n/a,n/a,1,0,0,0,0,0,0,312,-7
1,20,6,1.0,0,0,0,0,0,0,n/a,n/a,1,0,0,0,0,0,0,290,-12
1,30,10,1.0,0,0,0,0,0,0,n/a,n/a,1,0,0,0,0,0,0,321,-7
1,20,6,1.0,0,0,0,0,0,0,n/a,n/a,1,0,0,0,0,0,0,340,-12
1,30,10,1.0,0,0,0,0,0,0,n/a,n/a,1,0,0,0,0,0,0,323,-7
1,20,7,1.0,3,624,6,0,0,0,25.7,-9.6,1,24,4400.0,1,0,0,0,387,-10
1,30,10,1.0,0,0,0,0,0,0,n/a,n/a,1,0,0,0,0,0,0,324,-7
1,20,7,1.0,3,416,4,0,0,0,n/a,n/a,1,0,0,0,0,0,0,341,-10
1,30,10,1.0,0,0,0,0,0,0,26.2,-1.9,1,27,4900.0,1,0,0,0,289,-7
1,20,7,1.0,4,288,2,0,0,0,n/a,n/a,1,0,0,0,0,0,0,326,-10
1,30,10,1.0,0,0,0,0,0,0,25.5,-1.9,1,27,4900.0,1,0,0,0,302,-7
1,20,7,1.0,0,0,0,0,0,0,25.1,-7.4,1,26,4700.0,1,0,0,0,269,-9
1,30,10,1.0,0,0,0,0,0,0,25.9,-1.9,1,27,4900.0,1,1,50,0,282,-7
1,20,7,1.0,0,0,0,0,0,0,n/a,n/a,1,0,0,0,0,0,0,280,-9
1,30,10,1.0,0,0,0,0,0,0,n/a,n/a,1,0,0,0,0,0,0,320,-7
1,20,7,1.0,0,0,0,0,0,0,28.4,-7.9,1,25,4500.0,1,0,0,0,293,-9
1,30,10,1.0,0,0,0,0,0,0,n/a,n/a,1,0,0,0,0,0,0,308,-7
1,20,7,1.0,0,0,0,0,0,0,n/a,n/a,1,0,0,0,0,0,0,255,-9
1,30,10,1.0,0,0,0,0,0,0,n/a,n/a,1,0,0,0,0,0,0,331,-7
1,20,7,1.0,0,0,0,0,0,0,n/a,n/a,1,0,0,0,0,0,0,270,-9
1,30,10,1.0,0,0,0,0,0,0,n/a,n/a,1,0,0,0,0,0,0,320,-7
1,20,9,1.0,0,0,0,0,0,0,n/a,n/a,1,0,0,0,0,0,0,320,-9
1,30,10,1.0,0,0,0,0,0,0,n/a,n/a,1,0,0,0,0,0,0,323,-7
1,20,9,1.0,0,0,0,0,0,0,26.7,-8.3,1,27,4900.0,1,0,0,0,344,0
1,30,10,1.0,0,0,0,0,0,0,n/a,n/a,1,0,0,0,0,0,0,333,-7
1,20,9,1.0,6,344,2,8,80,0,24.9,-15.1,1,27,4900.0,1,0,0,0,139,-3
1,30,10,1.0,0,0,0,0,0,0,26.3,-2.1,1,27,4900.0,1,0,0,0,266,-7
1,20,9,1.0,0,0,0,0,0,0,n/a,n/a,1,0,0,0,0,0,0,304,-3
1,30,10,1.0,0,0,0,0,0,0,n/a,n/a,1,0,0,0,0,0,0,339,-7
1,20,10,1.0,9,1500.0,5,5,50,0,17.4,-25.4,1,25,4500.0,1,3,75,0,-68,0
1,30,10,1.0,0,0,0,0,0,0,n/a,n/a,1,0,0,0,0,0,0,302,-7
1,20,9,1.0,8,1800.0,7,9,56,0,n/a,n/a,1,0,0,0,0,0,0,279,0
1,30,10,1.0,0,0,0,0,0,0,n/a,n/a,1,0,0,0,0,0,0,291,-7
1,20,9,1.0,0,0,0,0,0,0,n/a,n/a,1,0,0,0,0,0,0,343,0
1,30,10,1.0,0,0,0,0,0,0,26.5,-1.9,1,27,4900.0,1,1,50,0,290,-8
1,20,10,1.0,9,2600.0,9,9,50,0,n/a,n/a,1,0,0,0,0,0,0,244,0
1,30,10,1.0,0,0,0,0,0,0,n/a,n/a,1,0,0,0,0,0,0,316,-8
1,20,9,1.0,8,3100.0,11,11,50,0,n/a,n/a,1,0,0,0,0,0,0,256,0
1,30,10,1.0,0,0,0,0,0,0,26.8,-1.7,1,27,4900.0,1,0,0,0,302,-8
1,20,9,1.0,8,2000.0,8,9,52,0,21.0,-13.2,1,12,4400.0,1,0,0,0,368,0
1,30,10,1.0,14,2700.0,6,6,50,0,n/a,n/a,1,0,0,0,0,0,0,318,-8
1,20,9,1.0,8,2600.0,9,7,43,0,n/a,n/a,1,0,0,0,0,0,0,288,0
1,30,10,1.0,0,0,0,0,0,0,24.5,-1.8,1,27,4900.0,1,0,0,0,333,-8
1,20,10,1.0,0,0,0,0,0,0,n/a,n/a,1,0,0,0,0,0,0,344,0
1,30,10,1.0,0,0,0,0,0,0,n/a,n/a,1,0,0,0,0,0,0,294,-8
1,20,9,1.0,0,0,0,0,0,0,22.7,-10.4,1,16,4500.0,1,0,0,0,368,2
1,30,10,1.0,0,0,0,0,0,0,n/a,n/a,1,0,0,0,0,0,0,286,-8
1,20,9,1.0,9,1200.0,4,5,55,0,n/a,n/a,1,0,0,0,0,0,0,336,2
1,30,10,1.0,0,0,0,0,0,0,n/a,n/a,1,0,0,0,0,0,0,296,-8
1,20,10,1.0,9,2000.0,7,6,46,0,n/a,n/a,1,0,0,0,0,0,0,304,2
1,30,10,1.0,0,0,0,0,0,0,27.3,-1.8,1,27,9700.0,2,0,0,0,283,-8
1,20,9,1.0,7,2800.0,11,6,35,0,n/a,n/a,1,0,0,0,0,0,0,299,2
1,30,10,1.0,0,0,0,0,0,0,n/a,n/a,1,0,0,0,0,0,0,336,-8
1,20,9,1.0,7,2100.0,9,3,25,0,n/a,n/a,1,0,0,0,0,0,0,262,2
1,30,10,1.0,0,0,0,0,0,0,26.1,-1.8,1,27,9700.0,2,1,33,0,292,-8
1,20,10,1.0,0,0,0,0,0,0,26.4,-12.1,1,24,9100.0,2,0,0,0,160,1
1,30,10,1.0,0,0,0,0,0,0,26.3,-1.7,1,27,9700.0,2,0,0,0,316,-8
1,20,9,1.0,0,0,0,0,0,0,n/a,n/a,1,0,0,0,0,0,0,169,1
1,30,10,1.0,0,0,0,0,0,0,n/a,n/a,1,0,0,0,0,0,0,358,-8
1,20,9,1.0,0,0,0,0,0,0,n/a,n/a,1,0,0,0,0,0,0,180,1
1,30,10,1.0,13,1700.0,4,4,50,0,26.0,-2.0,1,27,4900.0,1,1,50,0,124,-8
1,20,9,1.0,0,0,0,0,0,0,26.6,-1.1,1,25,4500.0,1,0,0,0,178,-2
1,30,10,1.0,0,0,0,0,0,0,n/a,n/a,1,0,0,0,0,0,0,317,-8
1,20,10,1.0,0,0,0,0,0,0,n/a,n/a,1,0,0,0,0,0,0,167,-2
1,30,10,1.0,0,0,0,0,0,0,n/a,n/a,1,0,0,0,0,0,0,315,-8
1,20,9,1.0,7,224,1,1,50,0,n/a,n/a,1,0,0,0,0,0,0,250,-2
1,30,10,1.0,0,0,0,0,0,0,n/a,n/a,1,0,0,0,0,0,0,325,-8
1,20,9,1.0,0,0,0,0,0,0,n/a,n/a,1,0,0,0,0,0,0,332,-2
1,30,10,1.0,0,0,0,0,0,0,n/a,n/a,1,0,0,0,0,0,0,323,-8
1,20,9,1.0,0,0,0,0,0,0,28.3,-2.8,1,26,4700.0,1,0,0,0,390,-8
1,30,10,1.0,0,0,0,0,0,0,26.5,-1.8,1,27,4900.0,1,0,0,0,332,-8
1,20,10,1.0,0,0,0,0,0,0,n/a,n/a,1,0,0,0,0,0,0,338,-8
1,30,10,1.0,0,0,0,0,0,0,27.6,-1.6,1,27,4900.0,1,0,0,0,291,-8
1,20,10,1.0,0,0,0,0,0,0,n/a,n/a,1,0,0,0,0,0,0,352,-8
1,30,10,1.0,0,0,0,0,0,0,28.0,-1.6,1,27,4900.0,1,0,0,0,316,-8
1,20,10,1.0,8,544,2,2,50,0,n/a,n/a,1,0,0,0,0,0,0,338,-8
1,30,10,1.0,0,0,0,0,0,0,n/a,n/a,1,0,0,0,0,0,0,291,-8
1,20,10,1.0,0,0,0,0,0,0,27.2,-1.9,1,27,4900.0,1,0,0,0,387,-4
1,30,10,1.0,0,0,0,0,0,0,26.8,-1.9,1,27,4900.0,1,0,0,0,301,-7
1,20,10,1.0,9,608,2,2,50,0,n/a,n/a,1,0,0,0,0,0,0,331,-4
1,30,10,1.0,0,0,0,0,0,0,26.4,-1.7,1,27,4900.0,1,1,50,0,292,-8
1,20,9,1.0,0,0,0,0,0,0,n/a,n/a,1,0,0,0,0,0,0,334,-4
1,30,10,1.0,0,0,0,0,0,0,25.3,-1.7,1,27,9700.0,2,1,33,0,308,-8
1,20,8,1.0,0,0,0,0,0,0,n/a,n/a,1,0,0,0,0,0,0,344,-4
1,30,10,1.0,12,936,2,2,50,0,26.4,-1.5,1,27,19000.0,4,0,0,0,347,-7
1,20,9,1.0,0,0,0,0,0,0,n/a,n/a,1,0,0,0,0,0,0,338,-4
1,30,10,1.0,12,1200.0,2,2,50,0,25.6,-1.3,1,27,15000.0,3,1,25,0,327,-7
1,20,9,1.0,7,480,2,2,50,0,n/a,n/a,1,0,0,0,0,0,0,323,-4
1,30,10,1.0,12,1500.0,4,3,42,0,24.7,-1.6,1,27,4900.0,1,0,0,0,340,-7
1,20,9,1.0,0,0,0,0,0,0,26.7,-4.9,1,27,4900.0,1,0,0,0,318,-9
1,30,10,1.0,11,1300.0,3,1,25,0,24.9,-1.4,1,27,9700.0,2,0,0,0,316,-7
1,20,9,1.0,0,0,0,0,0,0,n/a,n/a,1,0,0,0,0,0,0,334,-9
1,30,10,1.0,13,432,1,1,50,0,28.1,-1.3,1,27,4900.0,1,0,0,0,342,-7
1,20,9,1.0,0,0,0,0,0,0,n/a,n/a,1,0,0,0,0,0,0,342,-9
1,30,10,1.0,11,352,1,1,50,0,26.6,-1.3,1,27,4900.0,1,0,0,0,289,-7
1,20,9,1.0,0,0,0,0,0,0,n/a,n/a,1,0,0,0,0,0,0,337,-9
1,30,10,1.0,0,0,0,0,0,0,n/a,n/a,1,0,0,0,0,0,0,332,-7
1,20,9,1.0,0,0,0,0,0,0,26.0,-2.0,1,27,4900.0,1,1,50,0,325,-3
1,30,10,1.0,0,0,0,0,0,0,n/a,n/a,1,0,0,0,0,0,0,333,-7
1,20,8,1.0,0,0,0,0,0,0,26.4,-0.7,1,26,4700.0,1,0,0,0,355,-2
1,30,10,1.0,0,0,0,0,0,0,25.9,-1.2,1,27,4900.0,1,0,0,0,346,-7
1,20,8,1.0,5,736,4,6,60,0,26.3,-1.0,1,26,9500.0,2,0,0,0,237,-1
1,30,10,1.0,0,0,0,0,0,0,26.1,-1.1,1,27,4900.0,1,0,0,0,340,-7
1,20,8,1.0,5,2900.0,16,13,44,0,26.2,-1.2,1,26,9500.0,2,0,0,0,245,-2
1,30,10,1.0,11,704,2,2,50,0,24.8,-1.0,1,27,4900.0,1,0,0,0,313,-7
1,20,8,1.0,5,1400.0,8,6,42,0,n/a,n/a,1,0,0,0,0,0,0,255,-2
1,30,10,1.0,0,0,0,0,0,0,n/a,n/a,1,0,0,0,0,0,0,342,-7
1,20,8,1.0,0,0,0,0,0,0,n/a,n/a,1,0,0,0,0,0,0,360,-2
1,30,10,1.0,0,0,0,0,0,0,n/a,n/a,1,0,0,0,0,0,0,347,-7
1,20,8,1.0,0,0,0,0,0,0,n/a,n/a,1,0,0,0,0,0,0,346,-2
1,30,10,1.0,0,0,0,0,0,0,n/a,n/a,1,0,0,0,0,0,0,360,-7
1,20,8,1.0,0,0,0,0,0,0,27.1,-4.4,1,27,9600.0,2,0,0,0,342,-5
1,30,10,1.0,0,0,0,0,0,0,n/a,n/a,1,0,0,0,0,0,0,332,-7
1,20,9,1.0,0,0,0,0,0,0,25.3,-4.2,1,26,4700.0,1,0,0,0,368,-5
1,30,10,1.0,0,0,0,0,0,0,28.3,-1.3,1,27,4900.0,1,0,0,0,333,-7
1,20,8,1.0,0,0,0,0,0,0,27.6,-4.4,1,26,9300.0,2,0,0,0,331,-6
1,30,10,1.0,10,1300.0,4,2,33,0,25.7,-1.3,1,27,4900.0,1,0,0,0,355,-7
1,20,9,1.0,0,0,0,0,0,0,n/a,n/a,1,0,0,0,0,0,0,328,-6
1,30,10,1.0,0,0,0,0,0,0,n/a,n/a,1,0,0,0,0,0,0,344,-7
1,20,9,1.0,0,0,0,0,0,0,n/a,n/a,1,0,0,0,0,0,0,344,-6
1,30,10,1.0,0,0,0,0,0,0,26.7,-1.2,1,27,4900.0,1,0,0,0,311,-7
1,20,9,1.0,0,0,0,0,0,0,n/a,n/a,1,0,0,0,0,0,0,338,-6
1,30,10,1.0,0,0,0,0,0,0,26.1,-1.2,1,27,4900.0,1,0,0,0,301,-7
1,20,9,1.0,0,0,0,0,0,0,n/a,n/a,1,0,0,0,0,0,0,356,-6
1,30,10,1.0,10,1300.0,4,3,42,0,n/a,n/a,1,0,0,0,0,0,0,318,-7
1,20,9,1.0,0,0,0,0,0,0,n/a,n/a,1,0,0,0,0,0,0,329,-6
1,30,10,1.0,10,656,2,2,50,0,n/a,n/a,1,0,0,0,0,0,0,332,-7
1,20,8,1.0,0,0,0,0,0,0,n/a,n/a,1,0,0,0,0,0,0,356,-6
1,30,10,1.0,0,0,0,0,0,0,28.1,-1.2,1,27,4900.0,1,0,0,0,347,-7
1,20,8,1.0,0,0,0,0,0,0,n/a,n/a,1,0,0,0,0,0,0,354,-6
1,30,10,1.0,0,0,0,0,0,0,26.2,-1.3,1,27,4900.0,1,0,0,0,271,-7
1,20,9,1.0,0,0,0,0,0,0,28.6,-6.1,1,27,4900.0,1,0,0,0,333,-10
1,30,10,1.0,0,0,0,0,0,0,n/a,n/a,1,0,0,0,0,0,0,355,-7
1,20,9,1.0,0,0,0,0,0,0,25.8,-4.5,1,27,4900.0,1,0,0,0,370,-12
1,30,10,1.0,0,0,0,0,0,0,n/a,n/a,1,0,0,0,0,0,0,343,-7
1,20,8,1.0,4,592,5,2,28,0,n/a,n/a,1,0,0,0,0,0,0,293,-12
1,30,10,1.0,0,0,0,0,0,0,n/a,n/a,1,0,0,0,0,0,0,341,-7
1,20,8,1.0,0,0,0,0,0,0,n/a,n/a,1,0,0,0,0,0,0,319,-12
1,30,10,1.0,0,0,0,0,0,0,n/a,n/a,1,0,0,0,0,0,0,333,-7
1,20,9,1.0,0,0,0,0,0,0,n/a,n/a,1,0,0,0,0,0,0,299,-12
1,30,10,1.0,0,0,0,0,0,0,n/a,n/a,1,0,0,0,0,0,0,344,-7
1,30,10,1.0,0,0,0,0,0,0,n/a,n/a,1,0,0,0,0,0,0,335,-7
1,35,12,1.0,15,72000.0,21,22,51,0,26.9,-5.3,1,26,84000.0,10,0,0,0,253,-4
1,35,9,1.0,10,60000.0,40,6,13,0,31.6,-4.4,1,27,75000.0,14,0,0,0,194,-3
1,35,11,1.0,0,0,0,0,0,0,n/a,n/a,1,0,0,0,0,0,0,239,-3
1,35,10,1.0,12,3000.0,3,5,62,0,31.0,-6.0,1,27,4900.0,1,0,0,0,219,-5
1,35,11,1.0,0,0,0,0,0,0,n/a,n/a,1,0,0,0,0,0,0,216,-5
1,35,11,1.0,13,384,1,7,87,0,n/a,n/a,1,0,0,0,0,0,0,345,-5
1,35,11,1.0,10,39000.0,28,16,36,3,30.5,-6.0,1,27,111000.0,17,0,0,0,335,-2
1,35,10,1.0,8,3100.0,5,2,28,0,31.3,-5.9,1,27,15000.0,3,0,0,0,353,-2
1,35,9,1.0,0,0,0,0,0,0,n/a,n/a,1,0,0,0,0,0,0,348,-2
1,35,9,1.0,7,1900.0,8,2,20,0,n/a,n/a,1,0,0,0,0,0,0,301,-2
1,35,9,1.0,7,2300.0,10,8,44,0,n/a,n/a,1,0,0,0,0,0,0,279,-2
1,35,8,1.0,5,920,5,0,0,0,31.0,-10.6,1,27,4900.0,1,0,0,0,382,-4
1,35,7,1.0,3,416,4,2,33,0,n/a,n/a,1,0,0,0,0,0,0,216,-4
1,35,11,1.0,8,840,3,20,86,0,n/a,n/a,1,0,0,0,0,0,0,284,-4
1,35,11,1.0,11,704,2,13,86,0,n/a,n/a,1,0,0,0,0,0,0,312,-4
1,35,9,1.0,0,0,0,0,0,0,n/a,n/a,1,0,0,0,0,0,0,344,-4
1,35,6,1.0,0,0,0,0,0,0,n/a,n/a,1,0,0,0,0,0,0,350,-4
1,35,7,1.0,0,0,0,0,0,0,n/a,n/a,1,0,0,0,0,0,0,344,-4
1,35,8,1.0,0,0,0,0,0,0,n/a,n/a,1,0,0,0,0,0,0,326,-4
1,35,8,1.0,0,0,0,0,0,0,n/a,n/a,1,0,0,0,0,0,0,283,-4
1,35,8,1.0,0,0,0,0,0,0,n/a,n/a,1,0,0,0,0,0,0,282,-4
1,35,9,1.0,0,0,0,0,0,0,n/a,n/a,1,0,0,0,0,0,0,276,-4
1,35,9,1.0,8,240,1,1,50,0,31.1,-6.5,1,27,4900.0,1,0,0,0,309,-9
1,40,7,1.0,6,24000.0,28,4,12,3,28.7,-12.8,1,27,69000.0,15,3,16,0,285,-16
1,40,7,1.0,1,19000.0,21,0,0,0,22.8,-23.5,1,24,51000.0,10,6,37,0,320,-13
1,40,4,1.0,0,152,5,0,0,0,n/a,n/a,1,0,0,0,0,0,0,293,-13
1,40,5,1.0,0,120,3,3,50,0,30.4,-11.0,1,27,9700.0,2,0,0,0,357,-13
1,40,6,1.0,2,776,11,10,47,0,29.9,-14.1,1,27,34000.0,7,0,0,0,376,-16
1,40,5,1.0,1,416,8,2,20,0,28.8,-18.7,1,27,24000.0,5,0,0,0,264,-15
1,40,6,1.0,1,216,5,0,0,0,27.7,-19.0,1,27,15000.0,3,1,25,0,312,-13
1,40,5,1.0,0,248,5,0,0,0,27.9,-17.7,1,27,24000.0,5,0,0,0,290,-4
1,40,5,1.0,1,96,2,2,50,0,30.8,-9.7,1,27,9700.0,2,0,0,0,380,-11
1,40,7,1.0,3,856,9,6,40,0,30.4,-12.7,1,27,4900.0,1,0,0,0,107,-7
1,40,7,1.0,1,160,4,0,0,0,n/a,n/a,1,0,0,0,0,0,0,312,-7
1,40,6,1.0,0,0,0,0,0,0,29.4,-12.7,1,27,4900.0,1,0,0,0,315,-7
1,40,7,1.0,4,288,2,0,0,0,30.8,-8.9,1,27,4900.0,1,0,0,0,362,-9
1,40,9,1.0,5,1200.0,6,1,14,0,n/a,n/a,1,0,0,0,0,0,0,295,-9
1,40,8,1.0,5,1100.0,6,2,25,0,n/a,n/a,1,0,0,0,0,0,0,273,-9
1,40,7,1.0,6,1700.0,9,9,50,0,n/a,n/a,1,0,0,0,0,0,0,278,-9
1,40,7,1.0,6,752,4,2,33,0,n/a,n/a,1,0,0,0,0,0,0,327,-9
1,40,8,1.0,3,104,1,0,0,0,29.4,-14.4,1,27,9700.0,2,0,0,0,319,-8
1,40,9,1.0,6,256,2,12,85,0,30.8,-11.6,1,27,15000.0,3,0,0,0,311,-4
1,40,7,1.0,6,344,2,2,50,0,30.8,-8.8,1,27,4900.0,1,0,0,0,303,-4
1,40,7,1.0,3,440,6,2,25,0,27.4,-17.2,1,27,9700.0,2,1,33,0,302,-5
1,40,9,1.0,9,920,3,56,94,0,31.2,-9.4,1,27,34000.0,7,0,0,0,153,-7
1,40,10,1.0,11,1300.0,4,40,90,0,30.9,-9.8,1,27,24000.0,5,0,0,0,202,-3
1,40,9,1.0,7,240,1,1,50,0,30.9,-9.1,1,27,9700.0,2,0,0,0,361,-3
1,40,9,1.0,0,0,0,0,0,0,n/a,n/a,1,0,0,0,0,0,0,319,-3
1,40,9,1.0,0,0,0,0,0,0,30.2,-13.1,1,27,4900.0,1,0,0,0,291,-3
1,35,11,1.0,15,9100.0,14,8,36,0,25.4,-13.0,1,23,18000.0,4,0,0,0,119,-3
1,40,6,1.0,7,720,3,2,40,0,29.7,-14.7,1,27,9700.0,2,0,0,0,355,-18
1,40,6,1.0,7,240,1,1,50,3,27.5,-19.1,1,27,9700.0,2,0,0,0,345,-19
1,40,6,1.0,5,352,2,1,33,0,26.2,-21.1,1,27,9700.0,2,1,33,0,369,-21
1,40,4,1.0,3,432,5,3,37,0,28.0,-18.5,1,27,4900.0,1,0,0,0,393,-17
1,40,4,1.0,2,72,1,0,0,0,29.9,-13.6,1,27,4900.0,1,0,0,0,359,-14
1,40,4,1.0,0,0,0,0,0,0,30.8,-11.2,1,27,4900.0,1,0,0,0,161,-14
1,40,5,1.0,3,0,0,12,100,0,30.6,-12.4,1,27,4900.0,1,0,0,0,207,-11
1,40,5,1.0,0,72,1,0,0,0,n/a,n/a,1,0,0,0,0,0,0,345,-11
1,40,8,1.0,8,0,0,10,100,0,n/a,n/a,1,0,0,0,0,0,0,262,-11
1,40,n/a,n/a,5,176,1,24,96,0,n/a,n/a,1,0,0,0,0,0,0,-131,-11
1,40,n/a,n/a,5,0,0,8,100,0,n/a,n/a,1,0,0,0,0,0,0,1,-11
1,40,n/a,n/a,5,0,0,5,100,0,n/a,n/a,1,0,0,0,0,0,0,-39,-11
1,40,n/a,n/a,5,0,0,10,100,10,-25.5,-63.7,1,27,0,0,5,100,0,246,-11
1,35,7,1.0,7,2500.0,1,0,0,3,17.5,-17.2,1,9,4200.0,1,0,0,0,136,-16
1,40,8,1.0,10,4200.0,13,46,77,0,29.2,-9.3,1,27,28000.0,6,0,0,0,164,-14
1,40,6,1.0,0,0,0,0,0,0,n/a,n/a,1,0,0,0,0,0,0,168,-14
1,40,6,1.0,1,40,1,0,0,0,n/a,n/a,1,0,0,0,0,0,0,174,-14
1,40,6,1.0,0,112,4,0,0,0,n/a,n/a,1,0,0,0,0,0,0,222,-14
1,40,6,1.0,0,0,0,0,0,0,n/a,n/a,1,0,0,0,0,0,0,313,-14
1,40,4,1.0,0,120,3,2,40,0,29.4,-15.5,1,27,4900.0,1,0,0,0,349,-18
1,35,12,1.0,3,4100.0,7,0,0,0,30.5,-7.5,1,25,28000.0,6,0,0,0,95,-3
1,40,6,1.0,1,144,4,2,33,0,29.0,-15.4,1,27,9700.0,2,0,0,0,344,-10
1,35,12,1.0,0,0,0,0,0,0,n/a,n/a,1,0,0,0,0,0,0,100,-3
1,40,5,1.0,1,40,1,2,66,0,30.7,-10.9,1,27,4900.0,1,0,0,0,355,-10
1,35,12,1.0,0,0,0,0,0,0,n/a,n/a,1,0,0,0,0,0,0,82,-3
1,40,8,1.0,5,368,2,3,60,0,n/a,n/a,1,0,0,0,0,0,0,344,-10
1,35,13,1.0,20,3600.0,5,12,70,0,26.5,-17.4,1,25,98000.0,7,2,22,0,97,-9
1,40,7,1.0,3,728,7,4,36,0,29.8,-11.6,1,27,4900.0,1,0,0,0,375,-4
1,40,10,1.0,11,336000.0,84,21,20,0,23.1,-21.9,1,26,279000.0,31,39,55,0,327,-5
1,40,6,1.0,0,0,0,0,0,0,n/a,n/a,1,0,0,0,0,0,0,318,-4
1,40,8,1.0,8,158000.0,44,3,6,0,30.3,-10.6,1,27,106000.0,20,0,0,0,175,-10
1,40,7,1.0,5,736,4,9,69,0,n/a,n/a,1,0,0,0,0,0,0,301,-4
1,40,6,1.0,3,464,4,0,0,0,n/a,n/a,1,0,0,0,0,0,0,333,-10
1,40,5,1.0,1,64,2,0,0,0,n/a,n/a,1,0,0,0,0,0,0,346,-4
1,40,6,1.0,0,0,0,0,0,0,n/a,n/a,1,0,0,0,0,0,0,361,-10
1,40,5,1.0,0,0,0,0,0,0,n/a,n/a,1,0,0,0,0,0,0,346,-4
1,40,7,1.0,2,448,6,1,14,0,30.4,-10.4,1,27,4900.0,1,0,0,0,372,-18
1,40,6,1.0,0,0,0,0,0,0,n/a,n/a,1,0,0,0,0,0,0,332,-4
1,40,7,1.0,1,464,8,0,0,0,n/a,n/a,1,0,0,0,0,0,0,293,-18
1,40,6,1.0,0,0,0,0,0,0,n/a,n/a,1,0,0,0,0,0,0,349,-4
1,40,7,1.0,2,232,3,0,0,0,n/a,n/a,1,0,0,0,0,0,0,346,-18
1,40,6,1.0,0,0,0,0,0,0,n/a,n/a,1,0,0,0,0,0,0,274,-4
1,40,6,1.0,1,120,3,0,0,0,n/a,n/a,1,0,0,0,0,0,0,276,-18
1,40,6,1.0,1,0,0,5,100,0,28.6,-17.6,1,27,4900.0,1,0,0,0,287,-13
1,40,7,1.0,0,0,0,0,0,0,n/a,n/a,1,0,0,0,0,0,0,361,-18
1,40,7,1.0,1,40,1,3,75,0,29.1,-16.0,1,27,4900.0,1,0,0,0,291,-13
1,40,6,1.0,3,208,2,0,0,0,n/a,n/a,1,0,0,0,0,0,0,346,-18
1,40,7,1.0,0,0,0,0,0,0,n/a,n/a,1,0,0,0,0,0,0,274,-13
1,40,6,1.0,1,160,4,1,20,0,n/a,n/a,1,0,0,0,0,0,0,331,-18
1,40,8,1.0,4,288,2,6,75,0,n/a,n/a,1,0,0,0,0,0,0,312,-13
1,40,6,1.0,0,0,0,0,0,0,n/a,n/a,1,0,0,0,0,0,0,366,-18
1,40,8,1.0,4,456,4,9,69,0,n/a,n/a,1,0,0,0,0,0,0,326,-13
1,40,6,1.0,1,288,4,10,71,0,n/a,n/a,1,0,0,0,0,0,0,342,-18
1,40,8,1.0,5,1600.0,9,19,67,0,24.2,-15.2,1,27,4900.0,1,1,50,0,915,-4
1,40,6,1.0,0,0,0,0,0,0,n/a,n/a,1,0,0,0,0,0,0,369,-18
1,40,7,1.0,5,184,1,3,75,0,n/a,n/a,1,0,0,0,0,0,0,337,-4
1,40,7,1.0,3,736,6,21,77,0,n/a,n/a,1,0,0,0,0,0,0,336,-18
1,40,8,1.0,6,1900.0,9,27,75,0,n/a,n/a,1,0,0,0,0,0,0,283,-4
1,40,7,1.0,3,848,7,14,66,0,29.2,-15.3,1,27,4900.0,1,0,0,0,126,-12
1,40,8,1.0,5,736,4,6,60,0,n/a,n/a,1,0,0,0,0,0,0,310,-4
1,40,8,1.0,4,1200.0,7,12,63,0,29.3,-13.7,1,27,15000.0,3,0,0,0,393,-12
1,40,7,1.0,5,368,2,4,66,0,n/a,n/a,1,0,0,0,0,0,0,318,-4
1,40,7,1.0,4,224,2,1,33,0,n/a,n/a,1,0,0,0,0,0,0,342,-12
1,40,8,1.0,6,184,1,4,80,0,30.0,-14.1,1,27,4900.0,1,0,0,0,351,-4
1,40,7,1.0,0,0,0,0,0,0,n/a,n/a,1,0,0,0,0,0,0,352,-12
1,40,7,1.0,0,240,1,0,0,0,n/a,n/a,1,0,0,0,0,0,0,344,-4
1,40,8,1.0,0,0,0,0,0,0,n/a,n/a,1,0,0,0,0,0,0,343,-12
1,40,6,1.0,0,0,0,0,0,0,n/a,n/a,1,0,0,0,0,0,0,362,-4
1,40,6,1.0,1,80,2,0,0,0,n/a,n/a,1,0,0,0,0,0,0,333,-12
1,40,6,1.0,1,528,10,0,0,0,n/a,n/a,1,0,0,0,0,0,0,319,-4
1,40,7,1.0,3,904,5,2,28,0,30.2,-12.8,1,27,9700.0,2,0,0,0,362,-12
1,40,6,1.0,1,224,6,1,14,0,n/a,n/a,1,0,0,0,0,0,0,312,-4
1,40,6,1.0,1,80,2,0,0,0,n/a,n/a,1,0,0,0,0,0,0,351,-12
1,40,7,1.0,0,0,0,0,0,0,n/a,n/a,1,0,0,0,0,0,0,313,-4
1,40,7,1.0,3,472,9,26,74,0,26.9,-16.1,1,27,4900.0,1,1,50,0,387,-19
1,40,6,1.0,0,0,0,0,0,0,n/a,n/a,1,0,0,0,0,0,0,318,-4
1,40,9,1.0,5,552,3,4,57,0,n/a,n/a,1,0,0,0,0,0,0,343,-19
1,40,7,1.0,0,0,0,0,0,0,n/a,n/a,1,0,0,0,0,0,0,326,-4
1,40,9,1.0,0,0,0,0,0,0,24.1,-14.8,1,27,4900.0,1,1,50,0,362,-21
1,35,9,1.0,0,0,0,0,0,0,28.9,-9.2,1,27,4900.0,1,0,0,0,298,-7
1,40,9,1.0,8,976,4,4,50,0,n/a,n/a,1,0,0,0,0,0,0,335,-21
1,35,n/a,n/a,7,0,0,15,100,0,n/a,n/a,1,0,0,0,0,0,0,180,-7
1,40,7,1.0,4,704,8,21,72,0,n/a,n/a,1,0,0,0,0,0,0,324,-21
1,35,2,1.0,7,0,0,1,100,0,n/a,n/a,1,0,0,0,0,0,0,61,-7
1,40,6,1.0,2,456,7,2,22,0,n/a,n/a,1,0,0,0,0,0,0,264,-21
1,35,2,1.0,0,0,0,30,100,0,-23.0,-64.1,1,27,0,0,5,100,0,-229,-7
1,40,6,1.0,1,392,11,6,35,0,n/a,n/a,1,0,0,0,0,0,0,273,-21
1,35,10,1.0,12,5700.0,8,5,38,0,27.7,-14.2,1,23,18000.0,4,0,0,0,144,-16
1,40,6,1.0,2,496,8,1,11,0,29.0,-14.8,1,27,23000.0,4,0,0,0,374,-13
1,35,5,1.0,6,352,2,3,60,0,26.8,-17.8,1,27,4900.0,1,0,0,0,350,-13
1,40,6,1.0,1,200,5,0,0,0,n/a,n/a,1,0,0,0,0,0,0,333,-13
1,35,6,1.0,4,400,3,3,50,0,30.0,-7.4,1,27,4900.0,1,0,0,0,130,-4
1,40,6,1.0,1,144,4,2,33,0,27.7,-18.5,1,27,4900.0,1,0,0,0,362,-14
1,35,6,1.0,6,2100.0,10,5,33,0,29.5,-7.8,1,27,4900.0,1,0,0,0,169,-4
1,40,7,1.0,3,208,2,1,33,0,n/a,n/a,1,0,0,0,0,0,0,261,-14
1,35,6,1.0,5,1500.0,7,7,50,0,n/a,n/a,1,0,0,0,0,0,0,227,-4
1,40,6,1.0,1,288,6,1,14,0,n/a,n/a,1,0,0,0,0,0,0,299,-14
1,35,6,1.0,4,704,5,1,16,0,n/a,n/a,1,0,0,0,0,0,0,215,-4
1,40,6,1.0,2,368,6,3,33,0,25.2,-22.1,1,26,19000.0,4,1,20,0,208,-20
1,35,6,1.0,0,0,0,0,0,0,n/a,n/a,1,0,0,0,0,0,0,206,-4
1,40,6,1.0,2,304,6,7,53,0,27.3,-18.7,1,27,24000.0,5,0,0,0,374,-16
1,35,7,1.0,6,392,2,4,66,0,24.0,-24.2,1,27,4900.0,1,2,66,0,345,-4
1,40,7,1.0,3,632,5,17,77,0,27.3,-18.8,1,27,15000.0,3,0,0,0,379,-15
1,35,5,1.0,0,0,0,0,0,0,n/a,n/a,1,0,0,0,0,0,0,214,-4
1,40,6,1.0,2,304,4,5,55,0,27.5,-17.7,1,27,19000.0,4,0,0,0,361,-15
1,35,5,1.0,1,40,1,2,66,0,n/a,n/a,1,0,0,0,0,0,0,309,-4
1,40,6,1.0,1,80,2,2,50,0,27.8,-18.1,1,27,9700.0,2,0,0,0,364,-17
1,35,5,1.0,2,168,3,7,70,0,n/a,n/a,1,0,0,0,0,0,0,237,-4
1,40,6,1.0,2,320,4,1,20,0,n/a,n/a,1,0,0,0,0,0,0,335,-17
1,35,6,1.0,2,72,1,2,66,0,n/a,n/a,1,0,0,0,0,0,0,217,-4
1,40,6,1.0,2,144,2,0,0,0,n/a,n/a,1,0,0,0,0,0,0,348,-17
1,35,6,1.0,1,80,2,2,50,0,n/a,n/a,1,0,0,0,0,0,0,318,-4
1,40,6,1.0,2,416,8,7,46,0,29.0,-18.1,1,27,4900.0,1,0,0,0,400,-15
1,35,8,1.0,5,656,4,1,20,0,26.7,-19.6,1,27,4900.0,1,0,0,0,356,-4
1,40,6,1.0,1,504,11,6,35,0,n/a,n/a,1,0,0,0,0,0,0,262,-15
1,35,7,1.0,4,392,3,1,25,0,26.0,-20.2,1,27,4900.0,1,0,0,0,238,-2
1,40,7,1.0,3,1000.0,12,8,40,0,27.2,-18.8,1,27,9700.0,2,0,0,0,406,-15
1,35,7,1.0,0,0,0,0,0,0,26.1,-19.7,1,27,4900.0,1,0,0,0,220,-2
1,40,7,1.0,2,456,7,5,41,0,n/a,n/a,1,0,0,0,0,0,0,237,-15
1,35,7,1.0,0,0,0,0,0,0,24.1,-23.7,1,27,4900.0,1,1,50,0,227,-3
1,40,6,1.0,3,448,8,12,60,0,24.6,-23.4,1,27,9700.0,2,2,50,0,270,-16
1,35,8,1.0,5,728,4,1,20,0,28.7,-16.0,1,27,4900.0,1,0,0,0,235,-3
1,40,7,1.0,4,1000.0,8,11,57,0,n/a,n/a,1,0,0,0,0,0,0,266,-16
1,35,7,1.0,0,0,0,0,0,0,n/a,n/a,1,0,0,0,0,0,0,239,-3
1,40,7,1.0,2,472,7,7,50,0,n/a,n/a,1,25,0,0,0,0,0,297,-16
1,35,7,1.0,0,0,0,0,0,0,27.4,-18.3,1,27,4900.0,1,0,0,0,250,-5
1,40,7,1.0,3,1200.0,14,19,57,0,28.7,-14.3,1,0,4500.0,1,0,0,0,378,-15
1,35,7,1.0,0,0,0,0,0,0,n/a,n/a,1,0,0,0,0,0,0,268,-5
1,40,6,1.0,1,352,10,2,16,0,29.5,-13.7,1,27,4900.0,1,0,0,0,134,-17
1,35,7,1.0,0,0,0,0,0,0,n/a,n/a,1,0,0,0,0,0,0,220,-5
1,40,7,1.0,2,720,10,7,41,0,n/a,n/a,1,0,0,0,0,0,0,268,-17
1,35,6,1.0,3,312,3,1,25,0,n/a,n/a,1,0,0,0,0,0,0,292,-5
1,40,7,1.0,3,1100.0,12,1,7,0,29.1,-14.4,1,27,9700.0,2,0,0,0,389,-16
1,35,6,1.0,1,80,2,0,0,0,29.1,-14.9,1,27,4900.0,1,0,0,0,362,-21
1,40,7,1.0,1,80,2,0,0,0,30.3,-13.7,1,27,4900.0,1,0,0,0,144,-14
1,35,8,1.0,5,368,2,0,0,0,27.0,-18.8,1,27,4900.0,1,0,0,0,350,-6
1,40,7,1.0,3,832,8,0,0,0,29.4,-14.1,1,27,4900.0,1,0,0,0,95,-13
1,35,6,1.0,2,288,4,0,0,0,n/a,n/a,1,0,0,0,0,0,0,326,-6
1,40,7,1.0,4,35000.0,35,1,2,0,26.7,-19.2,1,27,72000.0,15,2,11,0,337,-16
1,35,6,1.0,1,160,4,0,0,0,n/a,n/a,1,0,0,0,0,0,0,338,-6
1,40,5,1.0,0,56,1,0,0,0,27.2,-18.1,1,27,9700.0,2,0,0,0,360,-26
1,35,6,1.0,2,224,4,2,33,0,28.7,-13.3,1,27,4900.0,1,0,0,0,334,-6
1,40,6,1.0,1,456,9,0,0,0,17.9,-29.1,1,24,11000.0,3,5,62,0,356,-19
1,35,6,1.0,0,0,0,0,0,0,n/a,n/a,1,0,0,0,0,0,0,345,-6
1,40,6,1.0,2,448,8,0,0,0,25.7,-17.1,1,17,8600.0,2,0,0,0,387,-13
1,35,5,1.0,1,272,6,0,0,0,28.3,-15.3,1,27,4900.0,1,0,0,0,302,-15
1,40,6,1.0,3,808,9,0,0,0,26.9,-19.8,1,27,15000.0,3,1,25,0,370,-15
1,35,6,1.0,0,0,0,0,0,0,n/a,n/a,1,0,0,0,0,0,0,353,-15
1,40,6,1.0,2,408,5,1,16,0,28.8,-15.5,1,27,24000.0,5,0,0,0,317,-17
1,35,6,1.0,1,160,4,0,0,0,29.1,-13.1,1,27,9700.0,2,0,0,0,258,-14
1,40,7,1.0,3,104,1,1,50,0,24.3,-22.6,1,27,15000.0,3,3,50,0,385,-13
1,35,6,1.0,0,0,0,0,0,0,28.6,-14.7,1,27,4900.0,1,0,0,0,373,-10
1,40,7,1.0,2,872,10,18,64,0,23.5,-24.0,1,20,8400.0,2,0,0,0,254,-17
1,35,6,1.0,0,0,0,0,0,0,n/a,n/a,1,0,0,0,0,0,0,293,-10
1,40,4,1.0,0,232,9,11,55,0,26.7,-21.4,1,0,4700.0,1,0,0,0,160,-19
1,35,6,1.0,0,0,0,0,0,0,n/a,n/a,1,0,0,0,0,0,0,278,-10
1,40,5,1.0,0,368,12,12,50,0,26.6,-20.5,1,26,4700.0,1,0,0,0,129,-28
1,35,6,1.0,0,0,0,0,0,0,n/a,n/a,1,0,0,0,0,0,0,298,-10
1,40,6,1.0,1,184,5,0,0,0,9.2,-34.9,1,22,1100.0,1,5,83,0,99,-26
1,35,7,1.0,0,0,0,0,0,0,n/a,n/a,1,0,0,0,0,0,0,291,-10
1,40,7,1.0,3,280,3,0,0,0,n/a,n/a,1,0,0,0,0,0,0,326,-26
1,35,7,1.0,0,0,0,0,0,0,28.8,-10.9,1,27,4900.0,1,0,0,0,266,-6
1,40,6,1.0,2,696,13,17,56,0,20.8,-24.8,1,1,1700.0,1,0,0,0,-122,-21
1,35,7,1.0,0,0,0,0,0,0,n/a,n/a,1,0,0,0,0,0,0,288,-6
1,40,6,1.0,1,40,1,0,0,0,27.4,-17.8,1,15,4100.0,1,0,0,0,384,-14
1,35,6,1.0,0,0,0,0,0,0,n/a,n/a,1,0,0,0,0,0,0,300,-6
1,40,7,1.0,5,184,1,1,50,0,26.4,-21.5,1,27,4900.0,1,1,50,0,301,-15
1,35,7,1.0,0,0,0,0,0,0,n/a,n/a,1,0,0,0,0,0,0,306,-6
1,40,8,1.0,5,736,2,2,50,0,28.1,-17.9,1,27,9600.0,2,0,0,0,310,-15
1,35,5,1.0,0,0,0,0,0,0,29.7,-8.3,1,27,4900.0,1,0,0,0,298,-7
1,40,7,1.0,3,312,3,0,0,0,29.4,-13.4,1,27,9700.0,2,0,0,0,350,-23
1,35,6,1.0,0,0,0,0,0,0,28.7,-13.3,1,27,15000.0,3,0,0,0,268,-4
1,40,7,1.0,0,0,0,0,0,0,n/a,n/a,1,0,0,0,0,0,0,359,-23
1,35,8,1.0,0,0,0,0,0,0,n/a,n/a,1,0,0,0,0,0,0,312,-4
1,40,7,1.0,4,664,7,20,74,0,28.6,-14.1,1,27,15000.0,3,0,0,0,382,-14
1,35,9,1.0,0,0,0,0,0,0,n/a,n/a,1,0,0,0,0,0,0,321,-4
1,40,7,1.0,3,0,0,5,100,0,n/a,n/a,1,0,0,0,0,0,0,362,-14
1,35,10,1.0,0,0,0,0,0,0,28.6,-9.9,1,27,4900.0,1,0,0,0,370,-1
1,40,8,1.0,7,3000.0,12,15,55,0,28.9,-16.2,1,27,15000.0,3,0,0,0,198,-11
1,35,10,1.0,9,608,2,1,33,0,n/a,n/a,1,0,0,0,0,0,0,342,-1
1,40,9,1.0,7,240,1,2,66,0,28.2,-16.6,1,27,9700.0,2,0,0,0,382,-11
1,35,10,1.0,0,0,0,0,0,0,n/a,n/a,1,0,0,0,0,0,0,339,-1
1,40,7,1.0,3,664,7,11,61,0,n/a,n/a,1,0,0,0,0,0,0,269,-11
1,35,10,1.0,0,0,0,0,0,0,n/a,n/a,1,0,0,0,0,0,0,348,-1
1,40,7,1.0,5,184,1,4,80,0,n/a,n/a,1,0,0,0,0,0,0,343,-11
1,35,9,1.0,7,240,1,2,66,0,n/a,n/a,1,0,0,0,0,0,0,326,-1
1,40,6,1.0,0,0,0,0,0,0,n/a,n/a,1,0,0,0,0,0,0,367,-11
1,35,10,1.0,9,1200.0,4,7,63,0,29.4,-11.7,1,27,4900.0,1,0,0,0,114,-1
1,40,7,1.0,0,0,0,0,0,0,n/a,n/a,1,0,0,0,0,0,0,351,-11
1,35,9,1.0,6,0,0,6,100,0,n/a,n/a,1,0,0,0,0,0,0,154,-1
1,40,9,1.0,0,0,0,0,0,0,29.3,-17.2,1,27,4900.0,1,0,0,0,310,-11
1,35,8,1.0,0,184,1,0,0,0,28.7,-9.7,1,27,4900.0,1,0,0,0,343,-12
1,40,8,1.0,0,0,0,0,0,0,n/a,n/a,1,27,0,0,0,0,0,334,-11
1,35,8,1.0,0,0,0,0,0,0,n/a,n/a,1,0,0,0,0,0,0,356,-12
1,40,9,1.0,8,720,3,16,84,0,27.0,-21.1,1,27,4900.0,1,0,0,0,382,-12
1,35,8,1.0,7,880,4,27,87,0,n/a,n/a,1,0,0,0,0,0,0,349,-12
1,40,9,1.0,4,512,3,8,72,0,20.8,-25.2,1,27,0,0,5,100,0,240,-12
1,35,8,1.0,6,176,1,77,98,0,n/a,n/a,1,0,0,0,0,0,0,307,-12
1,40,8,1.0,0,0,0,0,0,0,n/a,n/a,1,0,0,0,0,0,0,350,-12
1,35,9,1.0,7,1700.0,7,23,76,0,28.8,-10.9,1,27,4900.0,1,0,0,0,343,-6
1,40,9,1.0,0,0,0,0,0,0,29.0,-13.6,1,23,9300.0,2,0,0,0,378,-14
1,35,9,1.0,7,2400.0,10,7,41,0,28.8,-12.1,1,27,4900.0,1,0,0,0,372,-7
1,40,8,1.0,5,512,3,0,0,0,n/a,n/a,1,0,0,0,0,0,0,355,-14
1,35,9,1.0,7,1700.0,7,6,46,0,29.4,-12.9,1,27,4900.0,1,0,0,0,362,-8
1,40,8,1.0,5,184,1,0,0,0,n/a,n/a,1,0,0,0,0,0,0,329,-14
1,35,10,1.0,0,0,0,0,0,0,28.9,-12.0,1,27,4900.0,1,0,0,0,127,-7
1,40,8,1.0,0,0,0,0,0,0,29.3,-14.6,1,27,4900.0,1,0,0,0,377,-18
1,35,10,1.0,0,0,0,0,0,0,n/a,n/a,1,0,0,0,0,0,0,173,-7
1,40,8,1.0,7,240,1,2,66,0,29.4,-13.9,1,27,9700.0,2,0,0,0,363,-14
1,35,11,1.0,10,320,1,1,50,0,n/a,n/a,1,0,0,0,0,0,0,309,-7
1,40,8,1.0,0,0,0,0,0,0,29.6,-15.3,1,27,4900.0,1,0,0,0,345,-16
1,35,10,1.0,0,0,0,0,0,0,n/a,n/a,1,0,0,0,0,0,0,309,-7
1,35,10,1.0,0,0,0,0,0,0,n/a,n/a,1,0,0,0,0,0,0,349,-16
1,35,9,1.0,0,0,0,0,0,0,n/a,n/a,1,0,0,0,0,0,0,319,-7
1,40,8,1.0,0,0,0,0,0,0,n/a,n/a,1,0,0,0,0,0,0,335,-16
1,35,9,1.0,0,0,0,0,0,0,n/a,n/a,1,0,0,0,0,0,0,322,-7
1,40,9,1.0,5,184,1,0,0,0,27.7,-17.1,1,27,9700.0,2,0,0,0,359,-12
1,35,8,1.0,0,0,0,0,0,0,27.4,-16.4,1,27,4900.0,1,0,0,0,306,-11
1,40,8,1.0,0,0,0,0,0,0,n/a,n/a,1,27,0,0,0,0,0,347,-12
1,35,11,1.0,0,0,0,0,0,0,29.1,-10.7,1,27,4900.0,1,0,0,0,302,-6
1,40,8,1.0,6,424,2,4,66,0,23.6,-24.8,1,25,9000.0,2,1,33,0,333,-10
1,35,10,1.0,0,0,0,0,0,0,n/a,n/a,1,0,0,0,0,0,0,327,-6
1,40,8,1.0,5,288,2,2,50,0,n/a,n/a,1,0,0,0,0,0,0,339,-10
1,35,8,1.0,0,0,0,0,0,0,26.1,-10.5,1,27,4900.0,1,0,0,0,340,-9
1,40,8,1.0,0,0,0,0,0,0,n/a,n/a,1,0,0,0,0,0,0,356,-10
1,35,9,1.0,0,0,0,0,0,0,n/a,n/a,1,0,0,0,0,0,0,365,-9
1,40,9,1.0,0,0,0,0,0,0,n/a,n/a,1,0,0,0,0,0,0,355,-10
1,35,8,1.0,9,304,1,3,75,0,28.9,-6.8,1,27,4900.0,1,0,0,0,366,-11
1,40,9,1.0,0,0,0,0,0,0,n/a,n/a,1,0,0,0,0,0,0,326,-10
1,35,7,1.0,2,248,3,0,0,0,28.9,-10.9,1,27,19000.0,4,0,0,0,367,-14
1,40,8,1.0,0,0,0,0,0,0,n/a,n/a,1,0,0,0,0,0,0,337,-10
1,35,6,1.0,1,200,5,0,0,0,25.7,-21.6,1,27,4900.0,1,1,50,0,135,-16
1,40,8,1.0,7,240,1,1,50,0,29.3,-13.7,1,25,9500.0,2,0,0,0,349,-12
1,35,7,1.0,5,1700.0,9,58,86,0,n/a,n/a,1,0,0,0,0,0,0,181,-14
1,40,6,1.0,0,0,0,0,0,0,27.2,-19.2,1,27,9600.0,2,0,0,0,341,-12
1,35,8,1.0,0,0,0,0,0,0,n/a,n/a,1,0,0,0,0,0,0,339,-12
1,40,9,1.0,7,2000.0,9,29,76,0,28.8,-10.2,1,27,4900.0,1,0,0,0,364,-19
1,35,8,1.0,0,0,0,0,0,0,n/a,n/a,1,0,0,0,0,0,0,327,-12
1,40,8,1.0,0,0,0,0,0,0,29.5,-9.8,1,27,4900.0,1,0,0,0,377,-17
1,35,9,1.0,6,960,4,11,73,0,29.0,-7.9,1,27,4900.0,1,0,0,0,343,-14
1,40,8,1.0,5,632,4,2,33,0,22.2,-26.2,1,27,4900.0,1,3,75,0,212,-13
1,35,9,1.0,5,240,1,12,92,0,29.4,-9.6,1,27,15000.0,3,0,0,0,339,-15
1,40,6,1.0,2,848,10,0,0,0,n/a,n/a,1,0,0,0,0,0,0,294,-13
1,35,9,1.0,0,0,0,0,0,0,n/a,n/a,1,0,0,0,0,0,0,320,-15
1,40,5,1.0,0,168,7,3,30,0,n/a,n/a,1,0,0,0,0,0,0,264,-13
1,35,10,1.0,0,0,0,0,0,0,n/a,n/a,1,0,0,0,0,0,0,312,-15
1,40,4,1.0,0,24,1,1,50,0,n/a,n/a,1,0,0,0,0,0,0,335,-13
1,35,10,1.0,7,0,0,1,100,0,27.7,-11.4,1,27,4900.0,1,0,0,0,308,-8
1,40,6,1.0,1,208,4,0,0,0,n/a,n/a,1,0,0,0,0,0,0,328,-13
1,35,9,1.0,7,240,1,2,66,0,n/a,n/a,1,0,0,0,0,0,0,345,-8
1,40,8,1.0,5,656,5,3,37,0,25.0,-22.4,1,24,13000.0,3,0,0,0,363,-11
1,35,9,1.0,7,480,2,2,50,0,n/a,n/a,1,0,0,0,0,0,0,341,-8
1,40,8,1.0,5,184,1,1,50,0,21.9,-26.6,1,26,4700.0,1,3,75,0,334,-15
1,35,7,1.0,0,0,0,0,0,0,n/a,n/a,1,0,0,0,0,0,0,323,-8
1,40,7,1.0,3,312,3,0,0,0,29.2,-16.3,1,20,4200.0,1,0,0,0,349,-22
1,35,9,1.0,8,544,2,3,60,0,29.9,-9.9,1,27,9700.0,2,0,0,0,337,-8
1,40,7,1.0,3,104,1,0,0,0,27.8,-16.6,1,27,4900.0,1,0,0,0,366,-14
1,35,11,1.0,11,3100.0,9,8,47,0,29.5,-9.3,1,27,4900.0,1,0,0,0,395,-3
1,40,8,1.0,3,104,1,0,0,0,28.1,-17.8,1,27,4900.0,1,0,0,0,318,-15
1,35,10,1.0,11,320,1,0,0,0,28.4,-9.2,1,27,4900.0,1,0,0,0,354,-6
1,40,6,1.0,0,0,0,0,0,0,n/a,n/a,1,0,0,0,0,0,0,341,-15
1,35,10,1.0,0,0,0,0,0,0,n/a,n/a,1,0,0,0,0,0,0,339,-6
1,40,6,1.0,0,0,0,0,0,0,29.2,-13.5,1,27,4900.0,1,0,0,0,335,-26
1,35,10,1.0,0,0,0,0,0,0,n/a,n/a,1,0,0,0,0,0,0,345,-6
1,40,7,1.0,2,112,2,0,0,0,29.1,-12.7,1,27,9700.0,2,0,0,0,342,-19
1,35,9,1.0,7,240,1,8,88,0,28.7,-14.6,1,27,9700.0,2,0,0,0,270,-7
1,40,6,1.0,1,40,1,0,0,0,29.1,-13.0,1,0,4900.0,1,0,0,0,339,-23
1,35,7,1.0,0,0,0,0,0,0,28.2,-13.1,1,27,4900.0,1,0,0,0,308,-11
1,40,7,1.0,3,312,3,0,0,0,28.4,-16.7,1,27,9700.0,2,0,0,0,342,-18
1,35,8,1.0,0,0,0,0,0,0,28.9,-13.4,1,27,9700.0,2,0,0,0,321,-7
1,40,8,1.0,4,1400.0,9,1,10,0,26.4,-18.4,1,27,4900.0,1,0,0,0,116,-18
1,35,8,1.0,0,0,0,0,0,0,n/a,n/a,1,0,0,0,0,0,0,265,-7
1,40,7,1.0,0,0,0,0,0,0,n/a,n/a,1,0,0,0,0,0,0,362,-18
1,35,8,1.0,0,0,0,0,0,0,n/a,n/a,1,0,0,0,0,0,0,301,-7
1,40,6,1.0,0,0,0,0,0,0,n/a,n/a,1,0,0,0,0,0,0,360,-18
1,35,6,1.0,0,0,0,0,0,0,n/a,n/a,1,0,0,0,0,0,0,347,-7
1,40,7,1.0,0,0,0,0,0,0,n/a,n/a,1,0,0,0,0,0,0,361,-18
1,35,6,1.0,1,64,2,3,60,0,n/a,n/a,1,0,0,0,0,0,0,331,-7
1,40,7,1.0,0,0,0,0,0,0,n/a,n/a,1,0,0,0,0,0,0,354,-18
1,35,6,1.0,3,0,0,10,100,0,28.4,-14.0,1,27,4900.0,1,0,0,0,387,-11
1,40,6,1.0,0,0,0,0,0,0,n/a,n/a,1,0,0,0,0,0,0,353,-18
1,35,9,1.0,3,0,0,5,100,0,n/a,n/a,1,0,0,0,0,0,0,357,-11
1,40,6,1.0,2,448,8,0,0,0,26.7,-20.1,1,26,4700.0,1,0,0,0,121,-16
1,35,8,1.0,4,608,5,18,78,0,28.4,-14.4,1,27,4900.0,1,0,0,0,385,-11
1,40,6,1.0,1,40,1,0,0,0,28.8,-16.4,1,27,4900.0,1,0,0,0,348,-16
1,35,9,1.0,5,488,2,8,80,0,n/a,n/a,1,0,0,0,0,0,0,181,-11
1,40,6,1.0,0,0,0,0,0,0,n/a,n/a,1,0,0,0,0,0,0,339,-16
1,35,10,1.0,9,240,1,5,83,0,n/a,n/a,1,0,0,0,0,0,0,225,-11
1,40,6,1.0,0,0,0,0,0,0,n/a,n/a,1,0,0,0,0,0,0,333,-16
1,35,8,1.0,0,0,0,0,0,0,n/a,n/a,1,0,0,0,0,0,0,349,-11
1,40,6,1.0,0,0,0,0,0,0,28.9,-16.2,1,27,4900.0,1,0,0,0,340,-12
1,35,7,1.0,3,424,4,14,77,0,n/a,n/a,1,0,0,0,0,0,0,275,-11
1,40,6,1.0,1,80,2,2,50,0,n/a,n/a,1,0,0,0,0,0,0,348,-12
1,35,7,1.0,0,0,0,0,0,0,27.1,-17.5,1,27,4900.0,1,0,0,0,366,-11
1,40,5,1.0,0,96,4,5,55,0,n/a,n/a,1,0,0,0,0,0,0,331,-12
1,35,8,1.0,0,0,0,0,0,0,n/a,n/a,1,0,0,0,0,0,0,330,-11
1,40,6,1.0,1,272,6,4,40,0,n/a,n/a,1,0,0,0,0,0,0,318,-12
1,35,8,1.0,5,552,3,16,84,0,n/a,n/a,1,27,0,0,0,0,0,342,-11
1,40,5,1.0,0,224,8,9,52,0,n/a,n/a,1,0,0,0,0,0,0,311,-12
1,35,8,1.0,3,0,0,5,100,0,28.7,-12.7,1,0,4900.0,1,0,0,0,155,-13
1,40,6,1.0,1,128,4,7,63,0,24.9,-22.8,1,27,4900.0,1,1,50,0,349,-19
1,35,8,1.0,5,184,1,12,92,0,n/a,n/a,1,0,0,0,0,0,0,183,-13
1,40,6,1.0,0,0,0,0,0,0,25.5,-20.5,1,25,4500.0,1,0,0,0,348,-17
1,35,9,1.0,7,0,0,5,100,0,n/a,n/a,1,0,0,0,0,0,0,336,-13
1,40,5,1.0,0,0,0,0,0,0,n/a,n/a,1,0,0,0,0,0,0,358,-17
1,35,8,1.0,0,0,0,0,0,0,29.4,-7.1,1,27,4900.0,1,0,0,0,317,-10
1,40,5,1.0,0,0,0,0,0,0,28.5,-16.9,1,25,4500.0,1,0,0,0,392,-18
1,35,8,1.0,0,0,0,0,0,0,n/a,n/a,1,0,0,0,0,0,0,316,-10
1,40,6,1.0,0,0,0,0,0,0,n/a,n/a,1,0,0,0,0,0,0,364,-18
1,35,8,1.0,0,0,0,0,0,0,29.7,-5.7,1,27,9700.0,2,0,0,0,318,-10
1,40,5,1.0,1,64,2,0,0,0,n/a,n/a,1,0,0,0,0,0,0,347,-18
1,35,8,1.0,0,0,0,0,0,0,29.5,-6.7,1,27,15000.0,3,0,0,0,314,-9
1,40,5,1.0,0,0,0,0,0,0,n/a,n/a,1,0,0,0,0,0,0,364,-18
1,35,8,1.0,0,0,0,0,0,0,n/a,n/a,1,0,0,0,0,0,0,303,-9
1,40,6,1.0,0,0,0,0,0,0,29.4,-14.5,1,27,4900.0,1,0,0,0,378,-16
1,35,9,1.0,0,0,0,0,0,0,n/a,n/a,1,0,0,0,0,0,0,342,-9
1,40,6,1.0,0,0,0,0,0,0,n/a,n/a,1,27,0,0,0,0,0,356,-16
1,35,7,1.0,3,656,2,3,60,0,28.7,-11.5,1,27,4900.0,1,0,0,0,285,-11
1,40,5,1.0,0,104,3,1,25,0,27.8,-15.4,1,27,9700.0,2,0,0,0,375,-23
1,35,7,1.0,4,19000.0,11,18,62,0,29.6,-9.9,1,27,42000.0,9,0,0,0,298,-12
1,40,5,1.0,0,72,3,1,25,0,n/a,n/a,1,0,0,0,0,0,0,348,-23
1,35,7,1.0,0,0,0,0,0,0,n/a,n/a,1,0,0,0,0,0,0,312,-12
1,40,6,1.0,1,120,3,0,0,0,n/a,n/a,1,0,0,0,0,0,0,339,-23
1,35,7,1.0,0,0,0,0,0,0,n/a,n/a,1,0,0,0,0,0,0,327,-12
1,40,6,1.0,0,0,0,0,0,0,27.5,-17.6,1,27,15000.0,3,0,0,0,330,-17
1,35,8,1.0,0,0,0,0,0,0,n/a,n/a,1,0,0,0,0,0,0,334,-12
1,40,6,1.0,0,0,0,0,0,0,n/a,n/a,1,0,0,0,0,0,0,318,-17
1,35,8,1.0,0,0,0,0,0,0,n/a,n/a,1,0,0,0,0,0,0,324,-12
1,40,6,1.0,0,0,0,0,0,0,n/a,n/a,1,0,0,0,0,0,0,302,-17
1,35,8,1.0,0,0,0,0,0,0,n/a,n/a,1,0,0,0,0,0,0,360,-12
1,40,6,1.0,0,0,0,0,0,0,n/a,n/a,1,0,0,0,0,0,0,288,-17
1,35,8,1.0,0,0,0,0,0,0,n/a,n/a,1,0,0,0,0,0,0,341,-12
1,40,6,1.0,0,0,0,0,0,0,n/a,n/a,1,0,0,0,0,0,0,297,-17
1,35,8,1.0,0,0,0,0,0,0,n/a,n/a,1,0,0,0,0,0,0,314,-12
1,40,5,1.0,0,0,0,0,0,0,n/a,n/a,1,0,0,0,0,0,0,319,-17
1,35,8,1.0,0,0,0,0,0,0,28.8,-9.6,1,27,4900.0,1,0,0,0,283,-8
1,40,6,1.0,0,0,0,0,0,0,n/a,n/a,1,0,0,0,0,0,0,346,-17
1,35,8,1.0,0,0,0,0,0,0,n/a,n/a,1,0,0,0,0,0,0,307,-8
1,40,6,1.0,0,0,0,0,0,0,27.5,-18.1,1,27,4900.0,1,0,0,0,382,-18
1,35,8,1.0,0,0,0,0,0,0,n/a,n/a,1,0,0,0,0,0,0,326,-8
1,40,6,1.0,0,96,4,6,60,0,n/a,n/a,1,0,0,0,0,0,0,336,-18
1,35,7,1.0,0,0,0,0,0,0,n/a,n/a,1,0,0,0,0,0,0,337,-8
1,40,6,1.0,1,240,6,2,25,0,n/a,n/a,1,0,0,0,0,0,0,323,-18
1,35,7,1.0,0,0,0,0,0,0,29.5,-8.7,1,27,15000.0,3,0,0,0,326,-12
1,40,6,1.0,0,0,0,0,0,0,26.1,-19.3,1,27,4900.0,1,0,0,0,373,-16
1,35,7,1.0,0,0,0,0,0,0,n/a,n/a,1,0,0,0,0,0,0,331,-12
1,40,5,1.0,0,0,0,0,0,0,n/a,n/a,1,0,0,0,0,0,0,330,-16
1,35,8,1.0,0,0,0,0,0,0,28.7,-14.0,1,27,4900.0,1,0,0,0,336,-11
1,40,5,1.0,0,0,0,0,0,0,n/a,n/a,1,0,0,0,0,0,0,299,-16
1,35,8,1.0,7,720,3,4,57,0,29.7,-6.7,1,27,4900.0,1,0,0,0,368,-13
1,40,6,1.0,0,0,0,0,0,0,n/a,n/a,1,26,0,0,0,0,0,276,-16
1,35,8,1.0,5,1800.0,9,16,64,0,n/a,n/a,1,0,0,0,0,0,0,320,-13
1,40,6,1.0,0,0,0,0,0,0,27.2,-19.2,1,27,9600.0,2,0,0,0,267,-15
1,35,8,1.0,4,392,3,2,40,0,n/a,n/a,1,0,0,0,0,0,0,345,-13
1,40,5,1.0,0,0,0,0,0,0,n/a,n/a,1,0,0,0,0,0,0,283,-15
1,35,8,1.0,5,1100.0,6,4,40,0,n/a,n/a,1,0,0,0,0,0,0,320,-13
1,40,5,1.0,0,0,0,0,0,0,n/a,n/a,1,0,0,0,0,0,0,292,-15
1,35,7,1.0,0,0,0,0,0,0,n/a,n/a,1,0,0,0,0,0,0,331,-13
1,40,5,1.0,0,0,0,0,0,0,n/a,n/a,1,0,0,0,0,0,0,299,-15
1,35,8,1.0,0,0,0,0,0,0,n/a,n/a,1,0,0,0,0,0,0,324,-13
1,40,5,1.0,0,0,0,0,0,0,28.4,-16.1,1,27,4900.0,1,0,0,0,299,-32
1,35,8,1.0,0,0,0,0,0,0,n/a,n/a,1,0,0,0,0,0,0,321,-13
1,40,5,1.0,0,0,0,0,0,0,28.0,-17.0,1,27,9700.0,2,0,0,0,336,-31
1,35,8,1.0,0,0,0,0,0,0,29.3,-8.1,1,27,9700.0,2,0,0,0,323,-12
1,40,5,1.0,0,320,12,10,45,0,27.4,-18.2,1,27,4900.0,1,0,0,0,396,-32
1,35,8,1.0,0,0,0,0,0,0,29.0,-8.8,1,27,9700.0,2,0,0,0,337,-11
1,40,5,1.0,0,112,4,2,33,0,n/a,n/a,1,0,0,0,0,0,0,264,-32
1,35,9,1.0,0,0,0,0,0,0,n/a,n/a,1,0,0,0,0,0,0,331,-11
1,40,5,1.0,0,0,0,0,0,0,n/a,n/a,1,27,0,0,0,0,0,347,-32
1,35,9,1.0,0,0,0,0,0,0,29.0,-8.5,1,27,4900.0,1,0,0,0,345,-15
1,40,6,1.0,0,0,0,0,0,0,27.8,-18.4,1,0,4900.0,1,0,0,0,367,-20
1,35,9,1.0,0,0,0,0,0,0,n/a,n/a,1,0,0,0,0,0,0,333,-15
1,40,6,1.0,0,0,0,0,0,0,n/a,n/a,1,0,0,0,0,0,0,298,-20
1,35,8,1.0,0,0,0,0,0,0,n/a,n/a,1,0,0,0,0,0,0,350,-15
1,40,6,1.0,0,0,0,0,0,0,n/a,n/a,1,0,0,0,0,0,0,321,-20
1,35,9,1.0,0,0,0,0,0,0,n/a,n/a,1,0,0,0,0,0,0,335,-15
1,40,8,1.0,0,0,0,0,0,0,27.4,-16.3,1,27,9700.0,2,1,33,0,325,-14
1,35,9,1.0,0,0,0,0,0,0,n/a,n/a,1,0,0,0,0,0,0,292,-15
1,40,10,1.0,0,0,0,0,0,0,n/a,n/a,1,0,0,0,0,0,0,333,-14
1,35,8,1.0,0,0,0,0,0,0,n/a,n/a,1,0,0,0,0,0,0,291,-15
1,40,8,1.0,0,0,0,0,0,0,n/a,n/a,1,0,0,0,0,0,0,347,-14
1,35,7,1.0,0,0,0,0,0,0,n/a,n/a,1,0,0,0,0,0,0,281,-15
1,40,6,1.0,0,0,0,0,0,0,n/a,n/a,1,0,0,0,0,0,0,350,-14
1,35,8,1.0,0,0,0,0,0,0,n/a,n/a,1,0,0,0,0,0,0,286,-15
1,40,6,1.0,0,0,0,0,0,0,n/a,n/a,1,0,0,0,0,0,0,337,-14
1,35,8,1.0,0,0,0,0,0,0,n/a,n/a,1,0,0,0,0,0,0,314,-15
1,40,6,1.0,0,0,0,0,0,0,n/a,n/a,1,0,0,0,0,0,0,334,-14
1,35,9,1.0,0,0,0,0,0,0,n/a,n/a,1,0,0,0,0,0,0,330,-15
1,40,6,1.0,1,40,1,0,0,0,28.6,-15.9,1,27,4900.0,1,0,0,0,309,-14
1,35,9,1.0,0,0,0,0,0,0,n/a,n/a,1,0,0,0,0,0,0,304,-15
1,40,6,1.0,0,0,0,0,0,0,n/a,n/a,1,0,0,0,0,0,0,318,-14
1,35,8,1.0,0,0,0,0,0,0,29.0,-8.2,1,27,4900.0,1,0,0,0,282,-9
1,40,6,1.0,0,0,0,0,0,0,n/a,n/a,1,0,0,0,0,0,0,327,-14
1,35,9,1.0,0,0,0,0,0,0,30.3,-7.5,1,27,4900.0,1,0,0,0,266,-16
1,40,6,1.0,0,0,0,0,0,0,n/a,n/a,1,0,0,0,0,0,0,347,-14
1,35,8,1.0,0,0,0,0,0,0,n/a,n/a,1,0,0,0,0,0,0,320,-16
1,40,6,1.0,2,288,4,1,20,0,n/a,n/a,1,0,0,0,0,0,0,321,-14
1,35,8,1.0,0,0,0,0,0,0,28.8,-7.5,1,27,4900.0,1,0,0,0,294,-13
1,40,7,1.0,5,169000.0,42,0,0,0,24.3,-19.4,1,25,141000.0,16,12,42,3910.0,323,-26
1,35,10,1.0,0,0,0,0,0,0,29.5,-7.7,1,27,4900.0,1,0,0,0,293,-6
1,40,8,1.0,6,132000.0,31,10,24,0,24.9,-19.1,1,25,157000.0,20,11,35,0,325,-26
1,35,10,1.0,0,0,0,0,0,0,29.9,-7.6,1,27,4900.0,1,0,0,0,348,-6
1,40,9,1.0,7,3300000.0,338,12,3,0,21.4,-19.2,1,19,288000.0,50,10,16,535,349,-26
1,35,10,1.0,0,0,0,0,0,0,n/a,n/a,1,0,0,0,0,0,0,350,-6
1,40,10,1.0,8,2200000.0,276,7,2,0,25.3,-18.2,1,25,361000.0,49,18,26,0,342,-20
1,35,9,1.0,0,0,0,0,0,0,29.1,-7.7,1,27,4900.0,1,0,0,0,309,-6
1,40,9,1.0,6,1300000.0,224,1,0,0,18.7,-23.5,1,25,255000.0,43,135,75,0,349,-16
1,35,9,1.0,7,1800.0,8,30,78,0,n/a,n/a,1,0,0,0,0,0,0,249,-6
1,40,8,1.0,6,8400000.0,900,0,0,25600,22.1,-17.4,1,22,469000.0,92,35,27,142,341,-22
1,35,10,1.0,8,1600.0,6,12,66,0,n/a,n/a,1,0,0,0,0,0,0,317,-6
1,40,8,1.0,6,3200000.0,405,5,1,0,23.6,-17.6,1,22,597000.0,74,24,24,0,338,-20
1,35,7,1.0,0,0,0,0,0,0,n/a,n/a,1,0,0,0,0,0,0,351,-6
1,40,7,1.0,5,69000.0,25,0,0,550,27.7,-17.1,1,27,138000.0,18,2,10,0,343,-22
1,35,6,1.0,0,0,0,0,0,0,27.8,-11.8,1,27,4900.0,1,0,0,0,352,-11
1,40,8,1.0,7,138000.0,56,0,0,0,23.1,-21.3,1,24,334000.0,37,34,47,0,336,-17
1,35,5,1.0,0,0,0,0,0,0,28.4,-12.0,1,27,4900.0,1,0,0,0,317,-13
1,40,9,1.0,7,1500000.0,215,1,0,4720.0,24.4,-19.8,1,24,223000.0,38,15,28,2810.0,335,-21
1,35,7,1.0,4,108000.0,57,5,8,0,18.9,-24.7,1,23,168000.0,27,29,51,0,280,-12
1,40,9,1.0,7,3600000.0,362,17,4,37300.0,20.5,-23.3,1,19,342000.0,54,24,30,0,347,-22
1,35,7,1.0,3,416,4,0,0,0,19.4,-28.0,1,21,17000.0,3,2,40,0,274,-14
1,40,7,1.0,3,1700000.0,369,1,0,0,22.8,-21.8,1,22,382000.0,58,18,23,0,344,-29
1,35,7,1.0,3,104,1,0,0,0,24.0,-23.0,1,16,13000.0,2,0,0,0,309,-15
1,40,7,1.0,4,203000.0,65,1,1,0,24.6,-21.0,1,25,175000.0,27,11,28,0,342,-21
1,35,6,1.0,1,40,1,0,0,0,26.1,-21.7,1,26,4700.0,1,0,0,0,290,-17
1,40,8,1.0,5,22000.0,25,0,0,0,21.0,-23.6,1,22,188000.0,28,17,37,0,353,-20
1,35,6,1.0,0,56,1,0,0,0,26.7,-20.3,1,27,16000.0,3,1,25,0,296,-15
1,40,8,1.0,5,184,1,0,0,0,27.3,-18.8,1,27,12000.0,2,0,0,0,351,-21
1,35,6,1.0,0,0,0,0,0,0,24.8,-21.7,1,27,4900.0,1,1,50,0,275,-19
1,40,7,1.0,3,167000.0,70,0,0,0,27.9,-15.7,1,27,118000.0,25,2,7,3910.0,369,-20
1,35,6,1.0,2,184,3,2,40,0,28.7,-15.2,1,26,4700.0,1,0,0,0,304,-16
1,40,8,1.0,6,756000.0,170,0,0,0,24.7,-18.5,1,24,471000.0,56,21,27,384,361,-22
1,35,8,1.0,5,184,1,0,0,0,29.1,-11.9,1,27,4900.0,1,0,0,0,379,-9
1,40,9,1.0,7,1800000.0,252,1,0,0,24.2,-17.2,1,24,379000.0,53,20,27,0,339,-19
1,35,8,1.0,0,0,0,0,0,0,n/a,n/a,1,0,0,0,0,0,0,337,-9
1,40,9,1.0,8,419000.0,174,5,2,0,28.9,-12.1,1,27,214000.0,46,0,0,0,345,-18
1,35,9,1.0,0,0,0,0,0,0,28.9,-10.5,1,27,4900.0,1,0,0,0,371,-4
1,40,9,1.0,7,296000.0,93,0,0,0,27.0,-15.7,1,26,344000.0,46,8,14,0,351,-16
1,35,10,1.0,9,608,2,1,33,0,n/a,n/a,1,0,0,0,0,0,0,315,-4
1,40,8,1.0,6,2100000.0,299,0,0,2810.0,28.3,-13.0,1,26,205000.0,43,0,0,0,356,-19
1,35,9,1.0,0,0,0,0,0,0,29.0,-11.9,1,27,4900.0,1,0,0,0,363,-4
1,40,8,1.0,8,746000.0,101,3,2,0,25.4,-16.7,1,25,176000.0,28,10,26,0,347,-20
1,35,9,1.0,0,0,0,0,0,0,n/a,n/a,1,0,0,0,0,0,0,350,-4
1,40,7,1.0,4,253000.0,65,0,0,0,29.1,-12.4,1,27,77000.0,15,0,0,0,351,-13
1,35,8,1.0,0,0,0,0,0,0,28.7,-9.4,1,27,9700.0,2,0,0,0,360,-6
1,40,8,1.0,5,7900000.0,979,10,1,446000,20.2,-18.0,1,18,693000.0,88,27,23,276,327,-18
1,35,8,1.0,0,0,0,0,0,0,n/a,n/a,1,0,0,0,0,0,0,327,-6
1,40,8,1.0,6,14000000.0,1400,0,0,683000,29.5,-12.0,1,27,499000.0,100,0,0,384,335,-17
1,35,8,1.0,0,0,0,0,0,0,n/a,n/a,1,0,0,0,0,0,0,310,-6
1,40,8,1.0,8,18000000.0,1385,15,1,707000,18.8,-17.9,1,17,762000.0,121,27,18,0,320,-25
1,35,9,1.0,7,960,4,3,42,0,n/a,n/a,1,0,0,0,0,0,0,321,-6
1,40,8,1.0,7,14000000.0,1385,15,1,551000,18.6,-18.9,1,17,709000.0,112,31,21,2010.0,343,-17
1,35,8,1.0,0,0,0,0,0,0,n/a,n/a,1,0,0,0,0,0,0,354,-6
1,40,8,1.0,8,17000000.0,1400,0,0,781000,24.1,-16.2,1,22,784000.0,105,16,13,535,356,-18
1,35,7,1.0,0,0,0,0,0,0,n/a,n/a,1,0,0,0,0,0,0,338,-6
1,40,8,1.0,10,21000000.0,1397,3,0,868000,29.3,-14.1,1,27,636000.0,100,0,0,745,367,-20
1,35,7,1.0,0,0,0,0,0,0,n/a,n/a,1,0,0,0,0,0,0,330,-6
1,40,9,1.0,12,23000000.0,1375,25,1,946000,22.5,-17.0,1,20,705000.0,139,13,8,745,347,-18
1,35,7,1.0,0,0,0,0,0,0,n/a,n/a,1,0,0,0,0,0,0,337,-6
1,40,8,1.0,11,21000000.0,1395,5,0,1040000.0,6.4,-22.2,1,4,673000.0,338,15,4,3910.0,350,-21
1,35,8,1.0,0,0,0,0,0,0,29.3,-10.3,1,27,4900.0,1,0,0,0,350,-15
1,40,8,1.0,12,23000000.0,1390,10,0,1220000.0,23.1,-17.9,1,21,669000.0,108,14,11,745,362,-19
1,35,6,1.0,0,0,0,0,0,0,n/a,n/a,1,0,0,0,0,0,0,299,-15
1,40,8,1.0,13,26000000.0,1398,2,0,1370000.0,29.1,-15.3,1,27,646000.0,98,0,0,0,362,-20
1,35,8,1.0,0,0,0,0,0,0,n/a,n/a,1,0,0,0,0,0,0,315,-15
1,40,9,1.0,14,29000000.0,1380,20,1,1660000.0,21.0,-18.5,1,20,617000.0,95,24,20,535,343,-18
1,35,7,1.0,0,0,0,0,0,0,n/a,n/a,1,0,0,0,0,0,0,301,-15
1,40,9,1.0,11,22000000.0,1363,37,2,1710000.0,17.3,-18.8,1,16,470000.0,130,10,7,142,352,-13
1,35,7,1.0,0,0,0,0,0,0,n/a,n/a,1,0,0,0,0,0,0,298,-15
1,40,8,1.0,9,18000000.0,1400,0,0,1910000.0,28.1,-14.7,1,26,379000.0,93,4,4,535,363,-15
1,35,6,1.0,0,0,0,0,0,0,27.6,-13.0,1,27,4900.0,1,0,0,0,384,-10
1,40,8,1.0,11,22000000.0,1392,8,0,2120000.0,22.1,-18.1,1,21,470000.0,100,14,12,745,356,-16
1,35,6,1.0,0,0,0,0,0,0,n/a,n/a,1,0,0,0,0,0,0,345,-10
1,40,8,1.0,9,19000000.0,1358,42,3,2060000.0,22.3,-18.3,1,21,375000.0,96,15,13,384,362,-16
1,35,6,1.0,1,160,4,0,0,0,n/a,n/a,1,0,0,0,0,0,0,331,-10
1,40,8,1.0,8,16000000.0,1400,0,0,746000.0,27.9,-14.6,1,26,252000.0,60,3,4,0,359,-17
1,35,7,1.0,0,0,0,0,0,0,n/a,n/a,1,0,0,0,0,0,0,351,-10
1,40,8,1.0,11,6100000.0,395,2,0,0,28.6,-15.8,1,27,81000.0,18,0,0,0,358,-18
1,35,7,1.0,3,208,2,0,0,0,n/a,n/a,1,0,0,0,0,0,0,330,-10
1,40,8,1.0,6,199000.0,270,76,21,61,15.6,-24.9,1,11,4500000.0,456,46,9,300000.0,315,-17
1,35,7,1.0,0,0,0,0,0,0,27.4,-15.6,1,27,4900.0,1,0,0,0,354,-11
1,40,7,1.0,4,316000.0,489,35,6,0,15.2,-24.8,1,10,6100000.0,589,11,1,300000.0,316,-22
1,35,6,1.0,0,0,0,0,0,0,28.0,-12.6,1,27,4900.0,1,0,0,0,345,-15
1,40,7,1.0,3,237000.0,389,0,0,0,13.8,-25.0,1,8,4800000.0,587,13,2,300000.0,353,-22
1,35,7,1.0,3,116000.0,48,8,14,0,26.9,-16.2,1,27,75000.0,17,0,0,0,362,-13
1,40,8,1.0,5,230000.0,362,3,0,0,13.1,-25.2,1,7,4800000.0,596,4,0,300000.0,329,-20
1,35,6,1.0,3,18000.0,7,0,0,0,27.0,-15.1,1,27,9700.0,2,0,0,0,363,-13
1,40,8,1.0,6,193000.0,343,0,0,3,13.7,-26.0,1,8,5200000.0,599,1,0,300000.0,338,-22
1,35,6,1.0,0,0,0,0,0,0,n/a,n/a,1,0,0,0,0,0,0,246,-13
1,40,8,1.0,6,337000.0,447,0,0,0,17.8,-24.7,1,13,8200000.0,589,11,1,300000.0,369,-26
1,35,7,1.0,0,0,0,0,0,0,n/a,n/a,1,0,0,0,0,0,0,281,-13
1,40,8,1.0,8,325000.0,451,1,0,100,18.7,-23.8,1,14,8800000.0,590,10,1,300000.0,358,-25
1,35,7,1.0,0,0,0,0,0,0,n/a,n/a,1,0,0,0,0,0,0,312,-13
1,40,8,1.0,7,294000.0,414,40,8,0,19.7,-23.1,1,16,9100000.0,571,28,4,300000.0,356,-25
1,35,7,1.0,7,90000.0,28,28,50,0,23.3,-17.9,1,24,111000.0,13,9,40,0,331,-5
1,40,8,1.0,6,402000.0,339,0,0,0,19.3,-24.4,1,17,8100000.0,510,85,14,300000.0,358,-22
1,35,7,1.0,4,2200000.0,412,57,12,763,25.7,-16.3,1,26,544000.0,82,28,25,0,331,-13
1,40,8,1.0,5,306000.0,321,0,0,3,14.8,-23.9,1,9,5500000.0,583,17,2,14700.0,266,-22
1,35,7,1.0,2,511000.0,282,3,1,0,26.7,-15.4,1,26,338000.0,55,8,12,0,329,-17
1,40,8,1.0,6,3200000.0,442,2,0,0,19.0,-23.0,1,18,976000.0,115,64,35,3910.0,349,-15
1,35,7,1.0,2,407000.0,199,8,3,0,27.1,-15.1,1,26,248000.0,42,6,12,0,345,-12
1,40,8,1.0,6,1900000.0,328,9,2,49000.0,17.4,-21.5,1,19,687000.0,93,46,33,3910.0,317,-25
1,35,6,1.0,1,1600000.0,683,0,0,64500.0,27.7,-14.8,1,26,243000.0,45,7,13,0,344,-12
1,40,7,1.0,3,2300000.0,491,5,1,519,18.7,-24.3,1,19,445000.0,73,40,35,198,316,-12
1,35,6,1.0,2,610000.0,214,2,0,0,24.1,-17.5,1,26,174000.0,29,10,25,0,361,-13
1,40,8,1.0,5,625000.0,212,2,0,0,20.2,-23.8,1,20,564000.0,72,31,30,0,337,-17
1,35,6,1.0,3,323000.0,104,2,1,0,27.3,-16.5,1,27,139000.0,24,4,14,0,349,-13
1,40,7,1.0,2,1700000.0,567,6,1,0,21.6,-18.3,1,21,315000.0,69,13,15,0,353,-19